id,name,price_usd,image_url,card_url
1,_____,$0.42,https://cards.scryfall.io/grid/front/5/a/5aa90ab6-2686-4462-8725-5d4370c05437.webp?1783944260,https://scryfall.com/card/unh/23/_____
2,+2 Mace,$0.15,https://cards.scryfall.io/grid/front/e/8/e882c9f9-bf30-46b6-bedc-379d2c80e5cb.webp?1783926539,https://scryfall.com/card/afr/1/+2-mace
3,"Aang, Airbending Master",$9.74,https://cards.scryfall.io/grid/front/d/e/de7a150b-1b0d-4928-a2cc-80a4b7412350.webp?1783904837,https://scryfall.com/card/tle/74/aang-airbending-master
4,"Aang, Air Nomad",✶ $1.20,https://cards.scryfall.io/grid/front/f/3/f369827d-e4cd-4bc7-8c5e-72882eff0908.webp?1783904788,https://scryfall.com/card/tle/210/aang-air-nomad
5,"Aang, A Lot to Learn",$0.16,https://cards.scryfall.io/grid/front/5/0/50a22ad6-d2a4-48a6-91c9-147c946a60a5.webp?1783904812,https://scryfall.com/card/tle/146/aang-a-lot-to-learn
6,Aang and Katara,$6.92,https://cards.scryfall.io/grid/front/f/3/f333ea01-124f-4125-87ab-609be40e774c.webp?1783904838,https://scryfall.com/card/tle/69/aang-and-katara
7,"Aang, at the Crossroads // Aang, Destined Savior",✶ $8.54,https://cards.scryfall.io/grid/front/f/e/fea89ca0-8070-4f28-9851-994314f9d248.webp?1783904940,https://scryfall.com/card/tla/203/aang-at-the-crossroads-aang-destined-savior
8,Aang's Defense,✶ $0.29,https://cards.scryfall.io/grid/front/6/4/642e1b90-c240-44fe-82b2-7522026224ae.webp?1783904788,https://scryfall.com/card/tle/211/aangs-defense
9,Aang's Iceberg,✶ $7.66,https://cards.scryfall.io/grid/front/7/2/720fbd87-b1c1-4b3b-97a1-46b943b115e3.webp?1783905007,https://scryfall.com/card/tla/5/aangs-iceberg
10,Aang's Journey,$0.19,https://cards.scryfall.io/grid/front/5/e/5e51f727-5a9b-4bc7-83a9-dbcf1c933e15.webp?1783905008,https://scryfall.com/card/tla/1/aangs-journey
11,"Aang, Swift Savior // Aang and La, Ocean's Fury",✶ $13.40,https://cards.scryfall.io/grid/front/8/2/82866a0e-485a-4f7e-8c49-f7d9ff3f4ad4.webp?1783904937,https://scryfall.com/card/tla/204/aang-swift-savior-aang-and-la-oceans-fury
12,"Aang, the Last Airbender",$0.21,https://cards.scryfall.io/grid/front/2/4/245e008c-e073-443f-9592-6f628c0026ec.webp?1783905008,https://scryfall.com/card/tla/4/aang-the-last-airbender
13,Aarakocra Sneak,$0.14,https://cards.scryfall.io/grid/front/2/a/2a83882c-3e03-4e85-aaac-97fa1d08a772.webp?1783922797,https://scryfall.com/card/clb/54/aarakocra-sneak
14,Aardvark Sloth,$0.10,https://cards.scryfall.io/grid/front/e/1/e16365a2-4969-4ad5-af95-9dd2d0499f06.webp?1783904787,https://scryfall.com/card/tle/212/aardvark-sloth
15,Aardwolf's Advantage,$0.07,https://cards.scryfall.io/grid/front/c/7/c775a7d1-a1f7-460b-b1f4-888006058e15.webp?1783920572,https://scryfall.com/card/unf/97/aardwolfs-advantage
16,"Aatchik, Emerald Radian",$0.61,https://cards.scryfall.io/grid/front/f/b/fbdaa29b-85ff-4a06-b27e-fcdbdfd4a3fe.webp?1783907862,https://scryfall.com/card/dft/187/aatchik-emerald-radian
17,Abaddon the Despoiler,✶ $10.97,https://cards.scryfall.io/grid/front/c/9/c9f1fc97-00c0-492b-a4a3-b179afc2f95d.webp?1783920953,https://scryfall.com/card/40k/2/abaddon-the-despoiler
18,Abandon Attachments,$0.31,https://cards.scryfall.io/grid/front/7/4/74ca45a4-97ab-4255-9129-884e8b42b984.webp?1783904933,https://scryfall.com/card/tla/205/abandon-attachments
19,Abandoned Air Temple,✶ $9.48,https://cards.scryfall.io/grid/front/9/c/9c0433f9-8f1e-4a19-a83f-a41925f1b1a9.webp?1783904914,https://scryfall.com/card/tla/263/abandoned-air-temple
20,Abandoned Campground,$0.29,https://cards.scryfall.io/grid/front/e/e/ee0565f5-ebdb-43f9-bbb4-0485b1968937.webp?1783909431,https://scryfall.com/card/dsk/255/abandoned-campground
21,Abandoned Outpost,$0.20,https://cards.scryfall.io/grid/front/4/9/4945031e-1158-474c-9e50-1ec817acc767.webp?1783945200,https://scryfall.com/card/ody/312/abandoned-outpost
22,Abandoned Sarcophagus,$0.28,https://cards.scryfall.io/grid/front/2/3/23b587f3-5eac-45a7-a048-dd73d2a2b74f.webp?1783931139,https://scryfall.com/card/c20/236/abandoned-sarcophagus
23,Abandon Hope,$0.23,https://cards.scryfall.io/grid/front/9/4/942cf220-472c-48f6-8f60-993939ea5ab8.webp?1783946646,https://scryfall.com/card/tmp/107/abandon-hope
24,Abandon Reason,$0.25,https://cards.scryfall.io/grid/front/1/8/18c0b3b3-bb62-42c5-9869-386af0540a9b.webp?1783937467,https://scryfall.com/card/emn/115/abandon-reason
25,Abandon the Post,$0.19,https://cards.scryfall.io/grid/front/9/8/983da138-f0f5-46c4-90c2-d3c34cc37d1f.webp?1783925606,https://scryfall.com/card/mid/127/abandon-the-post
26,Abattoir Ghoul,$0.08,https://cards.scryfall.io/grid/front/4/3/43297ddd-276f-4d2d-9d9c-937603d0e376.webp?1783937842,https://scryfall.com/card/ddq/50/abattoir-ghoul
27,Abbey Gargoyles,$0.18,https://cards.scryfall.io/grid/front/2/9/29b5b70d-e5b9-4bc3-87b1-51dc6e5085a5.webp?1783946970,https://scryfall.com/card/5ed/1/abbey-gargoyles
28,Abbey Griffin,$0.07,https://cards.scryfall.io/grid/front/b/f/bf87803b-e7c6-4122-add4-72e596167b7e.webp?1783941000,https://scryfall.com/card/isd/1/abbey-griffin
29,Abbey Matron,$0.14,https://cards.scryfall.io/grid/front/1/5/158caa84-da2e-4c4c-b24d-0c035c900e20.webp?1783947305,https://scryfall.com/card/hml/2a/abbey-matron
30,Abbot of Keral Keep,$0.30,https://cards.scryfall.io/grid/front/c/d/cd94f624-9b35-4468-829f-106366f61c1a.webp?1783921894,https://scryfall.com/card/2x2/100/abbot-of-keral-keep
31,"Abby, Merciless Soldier",$1.86,https://cards.scryfall.io/grid/front/2/8/28e11b59-c677-4235-a377-18921c5131f0.webp?1783905138,https://scryfall.com/card/sld/2202/abby-merciless-soldier
32,"Abdel Adrian, Gorion's Ward",$0.32,https://cards.scryfall.io/grid/front/3/9/396f9198-67b6-45d8-91b4-dc853bff9623.webp?1783922823,https://scryfall.com/card/clb/2/abdel-adrian-gorions-ward
33,Abduction,$0.42,https://cards.scryfall.io/grid/front/6/3/63c82bef-50d6-4d25-bc3f-dda2826fc99c.webp?1783946203,https://scryfall.com/card/6ed/55/abduction
34,Aberrant,$4.57,https://cards.scryfall.io/grid/front/4/9/49dfee68-c242-4579-94b1-c23238f8c87d.webp?1783920882,https://scryfall.com/card/40k/86/aberrant
35,Aberrant Manawurm,$0.08,https://cards.scryfall.io/grid/front/7/9/797131cf-d80d-4050-bebd-2ce1d7fae5d0.webp?1783903661,https://scryfall.com/card/sos/138/aberrant-manawurm
36,Aberrant Mind Sorcerer,$0.22,https://cards.scryfall.io/grid/front/d/9/d9c6401a-e152-4acf-a2ca-75c484f296d5.webp?1783926519,https://scryfall.com/card/afr/44/aberrant-mind-sorcerer
37,Aberrant Researcher // Perfected Form,$0.19,https://cards.scryfall.io/grid/front/4/1/41b0eddd-9364-4ca1-ac81-0175dd1387e8.webp?1783908174,https://scryfall.com/card/inr/52/aberrant-researcher-perfected-form
38,Aberrant Return,$0.31,https://cards.scryfall.io/grid/front/a/2/a27a3d4b-caa7-4c5e-b1f3-aa607d3b157d.webp?1783904606,https://scryfall.com/card/ecc/7/aberrant-return
39,Abeyance,$6.01,https://cards.scryfall.io/grid/front/1/2/125a355d-bfcf-4125-aa6c-35e7dea6f63e.webp?1783946751,https://scryfall.com/card/wth/1/abeyance
40,Abhorrent Oculus,✶ $65.40,https://cards.scryfall.io/grid/front/d/2/d2705b43-a94a-44c0-8740-82e0b296820c.webp?1783909500,https://scryfall.com/card/dsk/42/abhorrent-oculus
41,Abhorrent Overlord,$0.57,https://cards.scryfall.io/grid/front/4/4/4415d050-7a76-4f8b-bf78-e33dd21fe4f1.webp?1783939785,https://scryfall.com/card/ths/75/abhorrent-overlord
42,Abiding Grace,$0.28,https://cards.scryfall.io/grid/front/d/b/db113c47-c403-4c7f-9fa9-212c977df8d1.webp?1783926898,https://scryfall.com/card/mh2/1/abiding-grace
43,"Abigale, Eloquent First-Year",$1.09,https://cards.scryfall.io/grid/front/b/f/bf708169-a307-494b-b8d8-baae53b2e2f2.webp?1783904418,https://scryfall.com/card/ecl/204/abigale-eloquent-first-year
44,"Abigale, Poet Laureate // Heroic Stanza",$0.25,https://cards.scryfall.io/grid/front/7/7/77285d12-e658-4eb3-ba13-ff202afab9c8.webp?1783903651,https://scryfall.com/card/sos/170/abigale-poet-laureate-heroic-stanza
45,Abjure,$2.17,https://cards.scryfall.io/grid/front/f/b/fbad9449-d09c-4fd0-b2ad-2aa3a29e03bf.webp?1783946744,https://scryfall.com/card/wth/31/abjure
46,Abnormal Endurance,$0.12,https://cards.scryfall.io/grid/front/d/e/de2de2bd-9ba7-4b6f-94c2-dafb2011a48e.webp?1783934576,https://scryfall.com/card/m19/85/abnormal-endurance
47,Aboleth Spawn,$7.28,https://cards.scryfall.io/grid/front/5/1/51889b3f-082a-40e9-8be7-11f8c1a7a9a8.webp?1783922509,https://scryfall.com/card/clb/662/aboleth-spawn
48,Abolish,$0.29,https://cards.scryfall.io/grid/front/8/4/842e7e6a-c89a-463d-a6e8-743a953c827c.webp?1783941765,https://scryfall.com/card/ddf/29/abolish
49,Abominable Treefolk,$0.24,https://cards.scryfall.io/grid/front/1/e/1eddb834-ea01-44e2-afca-bd9a4ebbdb94.webp?1783933086,https://scryfall.com/card/mh1/194/abominable-treefolk
50,Abomination,$1.99,https://cards.scryfall.io/grid/front/a/3/a363bc91-8278-448e-9d5c-564e4b51eb62.webp?1783947849,https://scryfall.com/card/4ed/117/abomination
51,"Abomination, Irradiated Brute",$1.72,https://cards.scryfall.io/grid/front/0/b/0b82c865-ae3e-43f0-9ac8-fabdd5539b36.webp?1783903109,https://scryfall.com/card/msc/511/abomination-irradiated-brute
52,Abomination of Gudul,$0.05,https://cards.scryfall.io/grid/front/7/d/7df9759e-1072-4a6a-be57-f73b15bf3847.webp?1783939062,https://scryfall.com/card/ktk/159/abomination-of-gudul
53,Abomination of Llanowar,$0.53,https://cards.scryfall.io/grid/front/4/b/4b68bc46-5591-44dd-becc-eca154066925.webp?1783928307,https://scryfall.com/card/khc/81/abomination-of-llanowar
54,"Abomination, Terrifying Titan",$0.16,https://cards.scryfall.io/grid/front/2/c/2c6ab9bb-dba2-4b5b-a4d9-54735f65ac21.webp?1783902908,https://scryfall.com/card/msh/198/abomination-terrifying-titan
55,"Abomination, World Ravager",$0.29,https://cards.scryfall.io/grid/front/f/d/fddd2e68-8e1e-4162-a2c7-49da2c86d471.webp?1783903286,https://scryfall.com/card/msc/47/abomination-world-ravager
56,Aboroth,$1.10,https://cards.scryfall.io/grid/front/8/c/8c72ac67-e4fb-49a1-b1e5-cd2e414bec28.webp?1783946722,https://scryfall.com/card/wth/117/aboroth
57,"Aboshan, Cephalid Emperor",$0.42,https://cards.scryfall.io/grid/front/8/2/82db4a41-03e8-4f0c-946c-a98fc5c9f7c8.webp?1783945269,https://scryfall.com/card/ody/58/aboshan-cephalid-emperor
58,Aboshan's Desire,$0.30,https://cards.scryfall.io/grid/front/1/3/137b701e-6140-463e-84b5-58d8a728df40.webp?1783945269,https://scryfall.com/card/ody/59/aboshans-desire
59,About Face,$0.13,https://cards.scryfall.io/grid/front/8/5/85e71828-095b-4729-ab11-c6c39ba29aab.webp?1783946237,https://scryfall.com/card/ulg/73/about-face
60,Abrade,$6.41,https://cards.scryfall.io/grid/front/1/a/1add1757-c1f8-448a-b279-c6940fb7ad5f.webp?1783903778,https://scryfall.com/card/soc/234/abrade
61,Abraded Bluffs,$0.33,https://cards.scryfall.io/grid/front/1/9/19e96521-b4ce-4a36-a887-200e05ccc804.webp?1783911778,https://scryfall.com/card/otj/251/abraded-bluffs
62,Abrupt Decay,$12.24,https://cards.scryfall.io/grid/front/a/8/a8e328c6-3a84-49cf-a1a3-1d1e5373d274.webp?1783936626,https://scryfall.com/card/mm3/146/abrupt-decay
63,Absolute Grace,$0.77,https://cards.scryfall.io/grid/front/f/e/fe7d1839-7180-4b4c-8ddb-7df24573f740.webp?1783946378,https://scryfall.com/card/usg/1/absolute-grace
64,Absolute Law,$1.75,https://cards.scryfall.io/grid/front/5/9/59d1f05b-f165-47c7-8a78-3b60ee3298ca.webp?1783946377,https://scryfall.com/card/usg/2/absolute-law
65,Absolute Virtue,✶ $41.11,https://cards.scryfall.io/grid/front/a/a/aa192912-c9ee-403f-8a46-a338c9edb4b9.webp?1783906576,https://scryfall.com/card/fin/212/absolute-virtue
66,Absolver Thrull,$0.06,https://cards.scryfall.io/grid/front/7/1/711979c3-e70b-4973-a4f1-020db534fc73.webp?1783943532,https://scryfall.com/card/gpt/1/absolver-thrull
67,Absolving Lammasu,$0.06,https://cards.scryfall.io/grid/front/b/d/bd6e71a1-713e-4eca-bd65-9f0638c16794.webp?1783912931,https://scryfall.com/card/mkm/2/absolving-lammasu
68,Absorb,$0.39,https://cards.scryfall.io/grid/front/2/1/21892cbc-1af2-4ea1-8907-cec514b53004.webp?1783918431,https://scryfall.com/card/dmr/186/absorb
69,Absorb Identity,$0.29,https://cards.scryfall.io/grid/front/a/a/aa1c6bcc-2d43-4ea9-a93f-019793616869.webp?1783928120,https://scryfall.com/card/khm/383/absorb-identity
70,Absorbing Man,$0.27,https://cards.scryfall.io/grid/front/7/1/7114ef87-53ff-43e9-864c-9faa455d86ef.webp?1783902907,https://scryfall.com/card/msh/199/absorbing-man
71,Absorbing Man and Titania,$3.90,https://cards.scryfall.io/grid/front/5/f/5f363991-91f2-4675-b0ca-cc7fe230c4ff.webp?1783903108,https://scryfall.com/card/msc/510/absorbing-man-and-titania
72,Absorb Vis,$0.23,https://cards.scryfall.io/grid/front/e/3/e319956e-982b-4bba-829a-67bf4ef79d74.webp?1783937318,https://scryfall.com/card/cn2/126/absorb-vis
73,Abstergo Entertainment,$2.67,https://cards.scryfall.io/grid/front/4/d/4d197866-7633-493c-80dd-ec3a09165934.webp?1783910964,https://scryfall.com/card/acr/79/abstergo-entertainment
74,Abstract Iguanart,$0.16,https://cards.scryfall.io/grid/front/c/2/c244e904-89ab-4486-a467-16e86f179fcc.webp?1783931334,https://scryfall.com/card/und/47/abstract-iguanart
75,Abstract Paintmage,$0.23,https://cards.scryfall.io/grid/front/e/a/ea008094-d995-4740-9b39-c61049356c55.webp?1783903650,https://scryfall.com/card/sos/171/abstract-paintmage
76,Abstract Performance,$0.19,https://cards.scryfall.io/grid/front/2/7/2795c812-0850-4405-b968-b624deaccd55.webp?1783903863,https://scryfall.com/card/soc/17/abstract-performance
77,Abstruse Appropriation,✶ $0.53,https://cards.scryfall.io/grid/front/d/7/d7149359-bb3f-413c-b21d-e4cd88618e56.webp?1783911253,https://scryfall.com/card/mh3/177/abstruse-appropriation
78,Abstruse Archaic,$2.68,https://cards.scryfall.io/grid/front/1/f/1fc2871b-c685-4951-b8e2-7370b9668f7e.webp?1783915488,https://scryfall.com/card/cmm/712/abstruse-archaic
79,Abstruse Interference,$0.09,https://cards.scryfall.io/grid/front/2/4/249a7be3-311e-4ce6-97dc-97242463ae23.webp?1783937922,https://scryfall.com/card/ogw/40/abstruse-interference
80,"Abuelo, Ancestral Echo",$0.27,https://cards.scryfall.io/grid/front/4/0/40eee689-2514-421a-8056-eb7668be66ff.webp?1783913735,https://scryfall.com/card/lci/219/abuelo-ancestral-echo
81,Abuelo's Awakening,$0.54,https://cards.scryfall.io/grid/front/f/9/f93b725e-2b9c-4830-ac54-b2562afe09bb.webp?1783913817,https://scryfall.com/card/lci/1/abuelos-awakening
82,Abu Ja'far,$1.79,https://cards.scryfall.io/grid/front/0/2/023b5e6f-10de-422d-8431-11f1fdeca246.webp?1783947377,https://scryfall.com/card/chr/1/abu-jafar
83,Abuna Acolyte,$0.18,https://cards.scryfall.io/grid/front/9/e/9e17bbf7-00c0-46f2-9718-2762fd7388d3.webp?1783941748,https://scryfall.com/card/som/1/abuna-acolyte
84,Abuna's Chant,$0.20,https://cards.scryfall.io/grid/front/b/9/b9e0bf63-0399-40d6-9162-4562d7bcdd0e.webp?1783944413,https://scryfall.com/card/5dn/1/abunas-chant
85,Abundance,$1.92,https://cards.scryfall.io/grid/front/9/b/9bc359b0-8886-415b-a497-e98a2241084e.webp?1783915428,https://scryfall.com/card/cmm/884/abundance
86,Abundant Countryside,$2.95,https://cards.scryfall.io/grid/front/3/7/37478625-dd07-476d-bd9b-b2e0d71ac0d1.webp?1783904600,https://scryfall.com/card/ecc/22/abundant-countryside
87,Abundant Growth,$0.31,https://cards.scryfall.io/grid/front/8/8/88b8b051-3f05-4cc1-9506-732faa25553a.webp?1783904552,https://scryfall.com/card/ecc/97/abundant-growth
88,Abundant Harvest,$0.24,https://cards.scryfall.io/grid/front/5/1/516e137a-d9d9-4ba7-89fb-e680ddb2c2d1.webp?1783915638,https://scryfall.com/card/cmm/269/abundant-harvest
89,Abundant Maw,$0.14,https://cards.scryfall.io/grid/front/c/5/c5620c22-910c-4d33-a5e9-4c4eac8c6304.webp?1783908190,https://scryfall.com/card/inr/1/abundant-maw
90,Abyssal Gatekeeper,$1.41,https://cards.scryfall.io/grid/front/6/d/6d2a66f0-1afe-41e6-a597-ec2e95685191.webp?1783938782,https://scryfall.com/card/dvd/31/abyssal-gatekeeper
91,Abyssal Gorestalker,$0.15,https://cards.scryfall.io/grid/front/a/5/a559f77f-1f10-475b-9361-7f297d50f254.webp?1783913784,https://scryfall.com/card/lci/87/abyssal-gorestalker
92,Abyssal Harvester,✶ $1.55,https://cards.scryfall.io/grid/front/f/2/f2e0f538-5825-47e9-883c-3ec6fd5b25ea.webp?1783909114,https://scryfall.com/card/fdn/54/abyssal-harvester
93,Abyssal Horror,$0.48,https://cards.scryfall.io/grid/front/c/c/ccb42943-f599-4068-a364-a023e70c4ed2.webp?1783945517,https://scryfall.com/card/7ed/115/abyssal-horror
94,Abyssal Hunter,$0.43,https://cards.scryfall.io/grid/front/3/c/3c3f6ad7-4782-40db-8eb3-e71d71ec3388.webp?1783946190,https://scryfall.com/card/6ed/109/abyssal-hunter
95,Abyssal Nightstalker,$0.49,https://cards.scryfall.io/grid/front/0/b/0b688039-7441-490b-ad06-8a72086c4023.webp?1783946481,https://scryfall.com/card/p02/61/abyssal-nightstalker
96,Abyssal Nocturnus,$0.66,https://cards.scryfall.io/grid/front/f/e/fe094903-45a6-4b11-b80e-aabe915c4b7c.webp?1783943513,https://scryfall.com/card/gpt/43/abyssal-nocturnus
97,Abyssal Persecutor,$56.58,https://cards.scryfall.io/grid/front/9/f/9f2b9f27-459c-4585-9051-b83ffe053a74.webp?1783935542,https://scryfall.com/card/ima/78/abyssal-persecutor
98,Abyssal Specter,$0.23,https://cards.scryfall.io/grid/front/6/9/69a41bec-7fb0-4060-918a-38cbbb329543.webp?1783936661,https://scryfall.com/card/mm3/59/abyssal-specter
99,Abzan Advantage,$0.13,https://cards.scryfall.io/grid/front/3/f/3ffd46f5-afd1-4130-b019-d8822e61fdfa.webp?1783938716,https://scryfall.com/card/frf/2/abzan-advantage
100,Abzan Ascendancy,$0.33,https://cards.scryfall.io/grid/front/8/0/80b722d9-be9d-463c-929e-78f7156af9c6.webp?1783921861,https://scryfall.com/card/2x2/165/abzan-ascendancy
101,Abzan Banner,$0.17,https://cards.scryfall.io/grid/front/7/8/7855528a-ede9-49a9-8749-795a004fd927.webp?1783939049,https://scryfall.com/card/ktk/215/abzan-banner
102,Abzan Battle Priest,$0.23,https://cards.scryfall.io/grid/front/c/0/c0fb53e6-441f-4faa-bf0e-0847cf83279d.webp?1783917196,https://scryfall.com/card/moc/164/abzan-battle-priest
103,Abzan Beastmaster,$0.18,https://cards.scryfall.io/grid/front/2/1/219c4ab2-1f7c-469b-a72a-d435213f130c.webp?1783938683,https://scryfall.com/card/frf/119/abzan-beastmaster
104,Abzan Charm,$0.29,https://cards.scryfall.io/grid/front/b/d/bd5b386e-e71e-492d-8456-6cd178ef5b3d.webp?1783921419,https://scryfall.com/card/dmc/138/abzan-charm
105,Abzan Devotee,$0.07,https://cards.scryfall.io/grid/front/6/6/66555946-e747-46fa-b1ac-b103a8edcd93.webp?1783907384,https://scryfall.com/card/tdm/68/abzan-devotee
106,Abzan Falconer,$0.69,https://cards.scryfall.io/grid/front/f/7/f7e2b0e1-c9ea-4f91-b19e-73b1bd6a0884.webp?1783917196,https://scryfall.com/card/moc/165/abzan-falconer
107,Abzan Guide,$0.22,https://cards.scryfall.io/grid/front/1/b/1b7f7158-4a31-4a1c-bf3b-574c0b09276a.webp?1783939061,https://scryfall.com/card/ktk/162/abzan-guide
108,Abzan Kin-Guard,$0.08,https://cards.scryfall.io/grid/front/c/e/cec0ef55-57fd-404f-b9f6-b5d41e77b58c.webp?1783938682,https://scryfall.com/card/frf/120/abzan-kin-guard
109,Abzan Monument,$0.19,https://cards.scryfall.io/grid/front/d/2/d2da9024-3b58-4a57-8f7d-4094c193daee.webp?1783907289,https://scryfall.com/card/tdm/238/abzan-monument
110,Abzan Runemark,$0.13,https://cards.scryfall.io/grid/front/f/e/fe356261-3126-41f1-ae71-b69ca5641f84.webp?1783938716,https://scryfall.com/card/frf/3/abzan-runemark
111,Abzan Skycaptain,$0.04,https://cards.scryfall.io/grid/front/c/4/c4195373-e902-4fc3-aead-1f6e728dbbae.webp?1783938715,https://scryfall.com/card/frf/4/abzan-skycaptain
112,Academic Dispute,$0.20,https://cards.scryfall.io/grid/front/4/6/4620cc3b-e401-4096-b310-fed080806344.webp?1783927359,https://scryfall.com/card/stx/91/academic-dispute
113,Academic Probation,$0.30,https://cards.scryfall.io/grid/front/0/5/05521edf-f47f-4e7a-aec5-cdc4ae7368c2.webp?1783927395,https://scryfall.com/card/stx/7/academic-probation
114,Academy Drake,$0.04,https://cards.scryfall.io/grid/front/f/8/f8bacb12-da46-4b00-804f-9ff6bff452bc.webp?1783935036,https://scryfall.com/card/dom/40/academy-drake
115,Academy Elite,$0.30,https://cards.scryfall.io/grid/front/f/3/f3728fbb-3a99-443a-b514-40f9990669c5.webp?1783937075,https://scryfall.com/card/c16/81/academy-elite
116,Academy Journeymage,$0.22,https://cards.scryfall.io/grid/front/a/4/a46a65e0-66a3-4896-8acc-0ad5e9927c40.webp?1783935034,https://scryfall.com/card/dom/41/academy-journeymage
117,Academy Loremaster,$0.31,https://cards.scryfall.io/grid/front/9/f/9fca4c4f-a77b-483e-9da4-574ba2e3d179.webp?1783921356,https://scryfall.com/card/dmu/40/academy-loremaster
118,Academy Manufactor,$11.43,https://cards.scryfall.io/grid/front/7/6/76480f4d-ad6d-4ed6-82c6-fa12abc22557.webp?1783911891,https://scryfall.com/card/otc/251/academy-manufactor
119,Academy Raider,$0.12,https://cards.scryfall.io/grid/front/6/6/6652ed29-ee90-4abc-a6cf-6b18a6cbae86.webp?1783939917,https://scryfall.com/card/m14/124/academy-raider
120,Academy Rector,$30.59,https://cards.scryfall.io/grid/front/4/3/4367bc78-0912-4abd-8edd-bc792558d01a.webp?1783946087,https://scryfall.com/card/uds/1/academy-rector
121,Academy Researchers,$0.14,https://cards.scryfall.io/grid/front/b/6/b62ca800-ec24-476e-b56f-834eef9622a9.webp?1783943064,https://scryfall.com/card/10e/63/academy-researchers
122,Academy Ruins,$5.66,https://cards.scryfall.io/grid/front/a/9/a95b7645-154f-4904-bf71-db7eb24d4df2.webp?1783930087,https://scryfall.com/card/2xm/309/academy-ruins
123,Academy Wall,$0.27,https://cards.scryfall.io/grid/front/d/2/d2028115-f0de-4e8b-99bc-7369352e1e07.webp?1783921352,https://scryfall.com/card/dmu/41/academy-wall
124,Accelerate,$0.56,https://cards.scryfall.io/grid/front/6/a/6a28dd88-db90-4f02-8aa9-39051d2c4763.webp?1783945151,https://scryfall.com/card/tor/90/accelerate
125,Accelerated Evolution,$0.23,https://cards.scryfall.io/grid/front/2/b/2b13c4de-241c-4c34-a140-0b599c61226d.webp?1783903042,https://scryfall.com/card/msc/711/accelerated-evolution
126,Accelerated Mutation,$0.08,https://cards.scryfall.io/grid/front/2/8/282f808c-0b58-4b98-aeda-f606a10d1a4b.webp?1783944871,https://scryfall.com/card/scg/109/accelerated-mutation
127,Acceptable Losses,$0.07,https://cards.scryfall.io/grid/front/9/0/9082bfb8-0ab0-4378-976d-a2c9d3c35a5e.webp?1783945236,https://scryfall.com/card/ody/172/acceptable-losses
128,Access Denied,$2.88,https://cards.scryfall.io/grid/front/1/6/1642df77-6fe8-47cf-b750-ca4dd9b331ba.webp?1783923996,https://scryfall.com/card/nec/11/access-denied
129,Accessories to Murder,$0.15,https://cards.scryfall.io/grid/front/e/8/e8ca02a0-5acf-4d89-847b-bad0d7560682.webp?1783935378,https://scryfall.com/card/ust/167/accessories-to-murder
130,Access Tunnel,$0.19,https://cards.scryfall.io/grid/front/4/b/4bef5957-71a4-4fe0-b2ce-dff8e8690bd9.webp?1783906998,https://scryfall.com/card/tdc/337/access-tunnel
131,Acclaimed Contender,$0.36,https://cards.scryfall.io/grid/front/a/5/a508ffbe-aa58-4dae-b366-fea688b60755.webp?1783917195,https://scryfall.com/card/moc/166/acclaimed-contender
132,Accomplished Alchemist,$0.15,https://cards.scryfall.io/grid/front/0/d/0d7b7830-b65e-4c53-98e8-152026764e4b.webp?1783927349,https://scryfall.com/card/stx/119/accomplished-alchemist
133,Accomplished Automaton,$0.15,https://cards.scryfall.io/grid/front/a/a/aa453daf-6ceb-4e45-bfb3-f6f45835ac11.webp?1783930121,https://scryfall.com/card/2xm/230/accomplished-automaton
134,Accorder Paladin,$0.15,https://cards.scryfall.io/grid/front/d/f/df0a4370-729d-40e7-b68b-21902648492d.webp?1783941394,https://scryfall.com/card/mbs/1/accorder-paladin
135,Accorder's Shield,$0.15,https://cards.scryfall.io/grid/front/c/5/c5a4c2ab-c5bc-4e07-8671-a688ebd5471c.webp?1783939898,https://scryfall.com/card/m14/204/accorders-shield
136,Accumulated Knowledge,✶ $1.39,https://cards.scryfall.io/grid/front/a/d/ad88e5ee-0eee-47af-a7b4-9bac044e1c8c.webp?1783935186,https://scryfall.com/card/a25/40/accumulated-knowledge
137,Accumulate Wisdom,$0.31,https://cards.scryfall.io/grid/front/a/6/a6335319-6c92-40d4-ab2d-c06c79049c30.webp?1783904991,https://scryfall.com/card/tla/44/accumulate-wisdom
138,Accursed Centaur,$0.07,https://cards.scryfall.io/grid/front/8/9/894556d8-6d5c-431b-a45d-26cd37c5f456.webp?1783945075,https://scryfall.com/card/ons/123/accursed-centaur
139,Accursed Duneyard,$0.47,https://cards.scryfall.io/grid/front/b/d/bd9e6ba8-1c5e-4416-8bff-90db3b3b1f41.webp?1783907748,https://scryfall.com/card/drc/20/accursed-duneyard
140,Accursed Horde,$0.18,https://cards.scryfall.io/grid/front/7/0/709bcbca-7238-4c31-8d9e-ec0d54d0b298.webp?1783931657,https://scryfall.com/card/gn2/26/accursed-horde
141,Accursed Marauder,$0.53,https://cards.scryfall.io/grid/front/5/d/5da14d86-0780-4821-a799-96f64b377df4.webp?1783911284,https://scryfall.com/card/mh3/80/accursed-marauder
142,Accursed Spirit,$0.15,https://cards.scryfall.io/grid/front/2/5/2513fe72-4e20-49e6-9970-839f1c635792.webp?1783939186,https://scryfall.com/card/m15/85/accursed-spirit
143,Accursed Witch // Infectious Curse,$0.29,https://cards.scryfall.io/grid/front/8/0/8093f8b0-5d50-48ca-b616-e92535a47138.webp?1783937786,https://scryfall.com/card/soi/97/accursed-witch-infectious-curse
144,"Ace, Fearless Rebel",$0.19,https://cards.scryfall.io/grid/front/7/5/75f001a0-8393-4977-84bb-cde39740606c.webp?1783914645,https://scryfall.com/card/who/98/ace-fearless-rebel
145,Acererak the Archlich,$11.52,https://cards.scryfall.io/grid/front/d/d/dd52d0bd-3abd-401c-9f56-ee911613da3b.webp?1783926501,https://scryfall.com/card/afr/87/acererak-the-archlich
146,Ace's Baseball Bat,$0.28,https://cards.scryfall.io/grid/front/5/f/5f1132b6-9db6-440c-9e0a-fae6c157e8a3.webp?1783914620,https://scryfall.com/card/who/170/aces-baseball-bat
147,"""Ach! Hans, Run!""",$3.44,https://cards.scryfall.io/grid/front/8/4/84f2c8f5-8e11-4639-b7de-00e4a2cbabee.webp?1783944234,https://scryfall.com/card/unh/116/ach!-hans-run!
148,Achilles Davenport,$7.03,https://cards.scryfall.io/grid/front/f/8/f8ead24c-dd4a-40cd-839e-de08017a7c29.webp?1783910891,https://scryfall.com/card/acr/294/achilles-davenport
149,Acidic Dagger,$0.64,https://cards.scryfall.io/grid/front/6/d/6dfdea79-2a7c-489d-8466-e6090c2a0919.webp?1783947045,https://scryfall.com/card/mir/291/acidic-dagger
150,Acidic Slime,$0.29,https://cards.scryfall.io/grid/front/9/3/932d48fb-42b5-4aaa-a91c-d35cdb5e41a3.webp?1783915638,https://scryfall.com/card/cmm/270/acidic-slime
151,Acidic Sliver,✶ $1.11,https://cards.scryfall.io/grid/front/2/d/2d92c3f7-a589-4c87-aa17-0d9707605ff4.webp?1783946545,https://scryfall.com/card/sth/126/acidic-sliver
152,Acidic Soil,$0.70,https://cards.scryfall.io/grid/front/7/9/790157c9-b1ed-4da5-9d50-e99e0dd807b7.webp?1783946335,https://scryfall.com/card/usg/172/acidic-soil
153,Acid Rain,$99.90,https://cards.scryfall.io/grid/front/b/a/ba93c50a-2440-4e92-9cba-d97e20b1d29c.webp?1783948079,https://scryfall.com/card/leg/44/acid-rain
154,Acid-Spewer Dragon,$0.23,https://cards.scryfall.io/grid/front/a/a/aa8f58f1-4843-4926-b3c4-98898201c216.webp?1783938600,https://scryfall.com/card/dtk/86/acid-spewer-dragon
155,Acid Web Spider,$0.18,https://cards.scryfall.io/grid/front/9/6/968a25a5-9ec1-47fa-bf1f-e65eb75fdb00.webp?1783941720,https://scryfall.com/card/som/108/acid-web-spider
156,"Aclazotz, Deepest Betrayal // Temple of the Dead",$10.91,https://cards.scryfall.io/grid/front/6/2/627c392c-4d18-4eb2-a4e8-c668f61f5487.webp?1783913789,https://scryfall.com/card/lci/88/aclazotz-deepest-betrayal-temple-of-the-dead
157,Acolyte Hybrid,$0.26,https://cards.scryfall.io/grid/front/b/2/b229697e-b6ff-450b-8020-45c454da9b3e.webp?1783920895,https://scryfall.com/card/40k/70/acolyte-hybrid
158,Acolyte of Aclazotz,$0.18,https://cards.scryfall.io/grid/front/9/9/99009400-ffa4-40af-8305-78295ae605ac.webp?1783913783,https://scryfall.com/card/lci/89/acolyte-of-aclazotz
159,Acolyte of Affliction,$0.15,https://cards.scryfall.io/grid/front/a/1/a14afed6-ca42-442d-ba86-621179e6957c.webp?1783931526,https://scryfall.com/card/thb/206/acolyte-of-affliction
160,Acolyte of Bahamut,$0.25,https://cards.scryfall.io/grid/front/b/0/b0260e1f-ff6a-4ef3-bef7-8c77f8413500.webp?1783922722,https://scryfall.com/card/clb/212/acolyte-of-bahamut
161,Acolyte of the Inferno,$0.08,https://cards.scryfall.io/grid/front/1/8/186581c7-81a6-4c27-b8a9-ff7f7a4b1d40.webp?1783938334,https://scryfall.com/card/ori/128/acolyte-of-the-inferno
162,Acolyte of Xathrid,$0.13,https://cards.scryfall.io/grid/front/4/b/4b0b14d4-41de-42ac-9894-77bbcebaabfc.webp?1783942386,https://scryfall.com/card/m10/83/acolyte-of-xathrid
163,Acolyte's Reward,$0.18,https://cards.scryfall.io/grid/front/c/d/cd8980af-c3fa-4027-917a-4a3d441c0a75.webp?1783939586,https://scryfall.com/card/bng/1/acolytes-reward
164,Acorn Catapult,$6.21,https://cards.scryfall.io/grid/front/8/3/834354a3-f984-4882-bc71-080112107e64.webp?1783941161,https://scryfall.com/card/cmd/241/acorn-catapult
165,"Acornelia, Fashionable Filcher",✶ $1.38,https://cards.scryfall.io/grid/front/e/9/e9c37a83-3d5e-4019-b180-88e2bc106dd0.webp?1783931341,https://scryfall.com/card/und/31/acornelia-fashionable-filcher
166,Acorn Harvest,$1.47,https://cards.scryfall.io/grid/front/3/2/32987720-cc0c-416b-b79b-217d3b37542d.webp?1783945144,https://scryfall.com/card/tor/118/acorn-harvest
167,Acquire,$10.28,https://cards.scryfall.io/grid/front/9/9/993957c7-5d61-4c98-826d-b657aed667e1.webp?1783944407,https://scryfall.com/card/5dn/21/acquire
168,Acquired Mutation,$0.29,https://cards.scryfall.io/grid/front/1/9/19586946-a6a6-4154-a544-15a052483f96.webp?1783912408,https://scryfall.com/card/pip/53/acquired-mutation
169,Acquisition Octopus,$0.15,https://cards.scryfall.io/grid/front/8/e/8e971a72-31db-4b7e-b9b9-9f45e8c3f87e.webp?1783923908,https://scryfall.com/card/neo/44/acquisition-octopus
170,Acquisitions Expert,$0.19,https://cards.scryfall.io/grid/front/2/8/281336c7-ca7c-4c91-bdfb-d253a965cb7c.webp?1783929383,https://scryfall.com/card/znr/89/acquisitions-expert
171,Acridian,$0.16,https://cards.scryfall.io/grid/front/0/5/05d5a38f-5a60-46da-af1c-440e4bf7fe9e.webp?1783946321,https://scryfall.com/card/usg/230/acridian
172,Acrobatic Cheerleader,$0.07,https://cards.scryfall.io/grid/front/6/f/6f1a7590-3eee-4803-b192-d4fb771e6a86.webp?1783909514,https://scryfall.com/card/dsk/1/acrobatic-cheerleader
173,Acrobatic Leap,$0.14,https://cards.scryfall.io/grid/front/a/8/a8b4bc34-cc8d-41d0-88ee-f40ec95cc0b8.webp?1783904810,https://scryfall.com/card/tle/151/acrobatic-leap
174,Acrobatic Maneuver,$0.30,https://cards.scryfall.io/grid/front/7/4/74f92174-f38f-4623-a5f7-f5be7f7dcc9d.webp?1783937239,https://scryfall.com/card/kld/1/acrobatic-maneuver
175,Action News Crew,$0.07,https://cards.scryfall.io/grid/front/b/c/bc0f5ca8-47bd-4451-8fd1-a312ff7d31ec.webp?1783904129,https://scryfall.com/card/tmt/1/action-news-crew
176,Activated Sleeper,$1.85,https://cards.scryfall.io/grid/front/3/4/343d01cf-9806-4c2d-a993-ddc9ed248d7f.webp?1783921470,https://scryfall.com/card/dmc/24/activated-sleeper
177,Active Volcano,$0.17,https://cards.scryfall.io/grid/front/5/6/56adb184-f261-40e1-bdf3-e85d7d13faa2.webp?1783947366,https://scryfall.com/card/chr/43/active-volcano
178,Act of Aggression,$0.35,https://cards.scryfall.io/grid/front/8/d/8d34c3aa-7d74-4a8b-898c-cb62b1f05989.webp?1783938081,https://scryfall.com/card/c15/141/act-of-aggression
179,Act of Authority,$0.87,https://cards.scryfall.io/grid/front/e/1/e107bd35-eddd-40f7-aea8-3a1eec3363c0.webp?1783939693,https://scryfall.com/card/c13/1/act-of-authority
180,Act of Heroism,$0.04,https://cards.scryfall.io/grid/front/9/6/969860ba-6923-4715-b065-81803bba3dd6.webp?1783935203,https://scryfall.com/card/a25/1/act-of-heroism
181,Act of Treason,$0.31,https://cards.scryfall.io/grid/front/a/1/a1a9d323-fb40-411b-a0e7-64024bc6ba58.webp?1783913318,https://scryfall.com/card/rvr/99/act-of-treason
182,Act on Impulse,$0.15,https://cards.scryfall.io/grid/front/b/f/bfe513d1-2509-4051-ba85-49a19479fa5c.webp?1783939177,https://scryfall.com/card/m15/126/act-on-impulse
183,"Adagia, Windswept Bastion",$5.41,https://cards.scryfall.io/grid/front/c/6/c634273a-94b0-4104-9d10-ae522ece1fc7.webp?1783905918,https://scryfall.com/card/eoe/250/adagia-windswept-bastion
184,Adamant Will,$0.13,https://cards.scryfall.io/grid/front/1/f/1fd2c9ab-b3dd-4f68-b91f-0f075a045757.webp?1783908970,https://scryfall.com/card/fdn/488/adamant-will
185,"Adamaro, First to Desire",$0.79,https://cards.scryfall.io/grid/front/d/2/d2fa85ea-f5d5-4be3-a874-ce246c3e4245.webp?1783944150,https://scryfall.com/card/sok/91/adamaro-first-to-desire
186,Adanto Vanguard,$0.35,https://cards.scryfall.io/grid/front/2/1/21c950d7-b4f6-4902-8c9a-98f2933f9fa5.webp?1783935808,https://scryfall.com/card/xln/1/adanto-vanguard
187,Adaptive Automaton,✶ $0.43,https://cards.scryfall.io/grid/front/e/3/e35e614c-51a9-4d5c-b7fa-1a0a87108785.webp?1783908889,https://scryfall.com/card/fdn/723/adaptive-automaton
188,Adaptive Gemguard,$0.10,https://cards.scryfall.io/grid/front/8/3/83c91e24-b7e8-4040-80cb-d1b375002c10.webp?1783913816,https://scryfall.com/card/lci/3/adaptive-gemguard
189,Adaptive Omnitool,$3.20,https://cards.scryfall.io/grid/front/1/6/1603aab8-731c-407a-bb44-625c36ace43e.webp?1783907750,https://scryfall.com/card/drc/16/adaptive-omnitool
190,Adaptive Shimmerer,$0.13,https://cards.scryfall.io/grid/front/d/8/d8a2e243-e446-46c6-8a37-e26620951c41.webp?1783931094,https://scryfall.com/card/iko/1/adaptive-shimmerer
191,Adaptive Snapjaw,$0.13,https://cards.scryfall.io/grid/front/0/d/0d3c0c43-2d6d-49b8-a112-07611a23ae69.webp?1783940120,https://scryfall.com/card/gtc/113/adaptive-snapjaw
192,Adaptive Sporesinger,$0.27,https://cards.scryfall.io/grid/front/3/d/3db6d202-9c6f-4485-9224-173b23de7054.webp?1783918020,https://scryfall.com/card/one/157/adaptive-sporesinger
193,Adaptive Training Post,$0.27,https://cards.scryfall.io/grid/front/6/5/654a1564-0356-44ad-b1ab-8c1a556fc244.webp?1783907183,https://scryfall.com/card/tdc/18/adaptive-training-post
194,Adarkar Sentinel,$0.20,https://cards.scryfall.io/grid/front/f/f/ff62754b-f4f0-4731-8dd7-327a820f60a8.webp?1783947464,https://scryfall.com/card/ice/306/adarkar-sentinel
195,Adarkar Unicorn,$0.20,https://cards.scryfall.io/grid/front/0/b/0ba7526f-dba8-4483-b925-946164fc0ae9.webp?1783947531,https://scryfall.com/card/ice/1/adarkar-unicorn
196,Adarkar Valkyrie,$7.94,https://cards.scryfall.io/grid/front/f/c/fc2a4abc-85da-46a6-a616-9aa607ce7372.webp?1783934323,https://scryfall.com/card/c18/60/adarkar-valkyrie
197,Adarkar Wastes,$0.33,https://cards.scryfall.io/grid/front/4/2/42e0aa15-639a-4e88-9bd8-ce5e7c7d7649.webp?1783906017,https://scryfall.com/card/eoc/147/adarkar-wastes
198,Adarkar Windform,$0.25,https://cards.scryfall.io/grid/front/c/1/c18bce4a-9afb-4b91-bc9a-d62634b0f8dd.webp?1783943364,https://scryfall.com/card/csp/26/adarkar-windform
199,Adder-Staff Boggart,$0.13,https://cards.scryfall.io/grid/front/d/1/d116839f-6a3a-4a2e-a3ab-ea177c012746.webp?1783942880,https://scryfall.com/card/lrw/148/adder-staff-boggart
200,Additive Evolution,$0.20,https://cards.scryfall.io/grid/front/b/4/b44ec684-d558-45eb-bcd6-8119428634c2.webp?1783903661,https://scryfall.com/card/sos/139/additive-evolution
201,Addle,$0.35,https://cards.scryfall.io/grid/front/e/8/e8afb9d0-affa-4599-bf29-729cfe64703b.webp?1783945700,https://scryfall.com/card/inv/91/addle
202,Adelbert Steiner,$0.19,https://cards.scryfall.io/grid/front/1/a/1a67a991-1e52-4676-a2e3-2bc7aa943ab3.webp?1783906656,https://scryfall.com/card/fin/3/adelbert-steiner
203,"Adeline, Resplendent Cathar",$4.50,https://cards.scryfall.io/grid/front/1/d/1de30c12-2011-495a-be25-f7a46b23e142.webp?1783907131,https://scryfall.com/card/tdc/108/adeline-resplendent-cathar
204,"Adeliz, the Cinder Wind",$0.32,https://cards.scryfall.io/grid/front/b/3/b3c950e2-a43b-47f8-9ad6-1909ccc7acbf.webp?1783934969,https://scryfall.com/card/dom/190/adeliz-the-cinder-wind
205,Adept Watershaper,$1.14,https://cards.scryfall.io/grid/front/6/e/6e53f246-8347-4632-9d5b-4aeb12f7b762.webp?1783904512,https://scryfall.com/card/ecl/3/adept-watershaper
206,"Adéwalé, Breaker of Chains",$0.29,https://cards.scryfall.io/grid/front/9/1/914efc24-5c3a-4d22-9d77-fce337a08d4d.webp?1783910975,https://scryfall.com/card/acr/44/ad%C3%A9wal%C3%A9-breaker-of-chains
207,Adherent of Hope,$0.09,https://cards.scryfall.io/grid/front/c/e/ce2bc7ad-458d-445e-a0a9-7897b596fdd0.webp?1783930623,https://scryfall.com/card/m21/321/adherent-of-hope
208,Adipose Offspring,$0.25,https://cards.scryfall.io/grid/front/6/8/68f91092-b679-46c1-9f0c-3b286ee1d02f.webp?1783914683,https://scryfall.com/card/who/10/adipose-offspring
209,Admiral Beckett Brass,$14.23,https://cards.scryfall.io/grid/front/0/2/02cbd397-3ef3-465f-84fe-765dd1444af8.webp?1783913852,https://scryfall.com/card/lcc/264/admiral-beckett-brass
210,"Admiral Brass, Unsinkable",$0.27,https://cards.scryfall.io/grid/front/b/d/bdc2d492-9d1e-4543-8b9c-c66ee67992ce.webp?1783913937,https://scryfall.com/card/lcc/1/admiral-brass-unsinkable
211,Admiral's Order,$0.79,https://cards.scryfall.io/grid/front/8/0/80dc0310-afd9-49b4-b58f-a0e91120c38c.webp?1783935329,https://scryfall.com/card/rix/31/admirals-order
212,Admonition Angel,$23.38,https://cards.scryfall.io/grid/front/a/6/a6e7713d-6054-46a7-a8bc-f09e7a81a571.webp?1783929493,https://scryfall.com/card/znc/10/admonition-angel
213,Ad Nauseam,$10.82,https://cards.scryfall.io/grid/front/a/9/a9f2c53e-ff58-4aa8-89a6-4f45628cc571.webp?1783930188,https://scryfall.com/card/2xm/76/ad-nauseam
214,Adorable Kitten,$0.26,https://cards.scryfall.io/grid/front/d/2/d25ff6aa-a01d-49f2-926f-8f5457143b5c.webp?1783931352,https://scryfall.com/card/und/1/adorable-kitten
215,Adorned Crocodile,$0.11,https://cards.scryfall.io/grid/front/b/b/bb13a34b-6ac8-47cb-9e91-47106a585fc1.webp?1783907384,https://scryfall.com/card/tdm/69/adorned-crocodile
216,Adorned Pouncer,$1.47,https://cards.scryfall.io/grid/front/8/6/865e267d-450c-4eeb-b61d-bd0ec5d8534a.webp?1783936067,https://scryfall.com/card/hou/2/adorned-pouncer
217,Adrenaline Jockey,$0.16,https://cards.scryfall.io/grid/front/c/8/c8655373-320d-440d-b700-d03413f743fd.webp?1783907888,https://scryfall.com/card/dft/112/adrenaline-jockey
218,Adrestia,$0.29,https://cards.scryfall.io/grid/front/b/3/b3d878fc-cc21-407f-b3cc-95bf2d717a80.webp?1783910967,https://scryfall.com/card/acr/68/adrestia
219,"Adriana, Captain of the Guard",$0.39,https://cards.scryfall.io/grid/front/0/1/01c2337d-1c3c-4c5e-8b06-dc8a8c56164e.webp?1783921419,https://scryfall.com/card/dmc/139/adriana-captain-of-the-guard
220,Adriana's Valor,$0.07,https://cards.scryfall.io/grid/front/8/b/8bfd6889-90e2-49fe-bd30-7d850dc18db2.webp?1783937372,https://scryfall.com/card/cn2/1/adrianas-valor
221,"Adric, Mathematical Genius",$0.35,https://cards.scryfall.io/grid/front/1/f/1f290a17-699e-420d-8322-3e28300a0d2e.webp?1783914673,https://scryfall.com/card/who/33/adric-mathematical-genius
222,"Adrix and Nev, Twincasters",$6.72,https://cards.scryfall.io/grid/front/b/9/b9c11061-bb34-4904-b9f1-ea106b517bbe.webp?1783912983,https://scryfall.com/card/mkc/198/adrix-and-nev-twincasters
223,Adult Gold Dragon,✶ $9.80,https://cards.scryfall.io/grid/front/6/7/67a76010-d932-4727-8b5e-b8e2d14e1362.webp?1783926450,https://scryfall.com/card/afr/216/adult-gold-dragon
224,Adun Oakenshield,$69.17,https://cards.scryfall.io/grid/front/6/0/60252226-a102-4d88-9b80-42d021b5184d.webp?1783948042,https://scryfall.com/card/leg/216/adun-oakenshield
225,Advanced Hoverguard,$0.04,https://cards.scryfall.io/grid/front/7/3/7384d50a-5801-47ed-ab9f-5c7e4f1f20dd.webp?1783944406,https://scryfall.com/card/5dn/22/advanced-hoverguard
226,Advanced Reconstruction,$0.36,https://cards.scryfall.io/grid/front/c/c/cc912fec-827d-4deb-8430-79f5ea31ca9b.webp?1783903856,https://scryfall.com/card/soc/30/advanced-reconstruction
227,Advanced Stitchwing,$0.19,https://cards.scryfall.io/grid/front/0/4/044b2bfc-a5cc-4505-831d-5e1e3a6fdb3c.webp?1783921923,https://scryfall.com/card/2x2/36/advanced-stitchwing
228,Advance Scout,$0.48,https://cards.scryfall.io/grid/front/8/1/81ce7e1e-ffe5-4ced-8967-9a6917245240.webp?1783946672,https://scryfall.com/card/tmp/1/advance-scout
229,Advancing the Spirit,$0.35,https://cards.scryfall.io/grid/front/8/5/85d0495c-cca0-4aeb-a03e-2bc102b3c556.webp?1783903042,https://scryfall.com/card/msc/712/advancing-the-spirit
230,Advantageous Proclamation,$0.19,https://cards.scryfall.io/grid/front/f/8/f8c37fe8-43b3-454e-a70b-5b0d0f396a33.webp?1783939381,https://scryfall.com/card/cns/1/advantageous-proclamation
231,Advent of the Wurm,$0.27,https://cards.scryfall.io/grid/front/b/a/ba3b5e35-5448-4115-a9c5-6ac14013c904.webp?1783936628,https://scryfall.com/card/mm3/147/advent-of-the-wurm
232,Adventure Awaits,$0.30,https://cards.scryfall.io/grid/front/d/b/db50f988-da46-4b9b-9cc5-78497df2df8b.webp?1783929342,https://scryfall.com/card/znr/177/adventure-awaits
233,Adventurer's Airship,$0.13,https://cards.scryfall.io/grid/front/0/a/0a1d6dcd-bd41-4f57-a35b-6613811fe4d4.webp?1783906558,https://scryfall.com/card/fin/252/adventurers-airship
234,Adventurers' Guildhouse,$11.13,https://cards.scryfall.io/grid/front/3/2/32865e68-5842-4f17-b2ea-4ffa743b511f.webp?1783948024,https://scryfall.com/card/leg/300/adventurers-guildhouse
235,Adventurer's Inn,$0.24,https://cards.scryfall.io/grid/front/f/0/f0da2ee1-986e-4cbf-92eb-d96fdb572ca5.webp?1783906552,https://scryfall.com/card/fin/271/adventurers-inn
236,Adventuring Gear,$0.27,https://cards.scryfall.io/grid/front/3/6/361f9b99-5b5d-40da-b4b9-5ad90f6280ee.webp?1783909050,https://scryfall.com/card/fdn/249/adventuring-gear
237,Adventurous Eater // Have a Bite,$0.10,https://cards.scryfall.io/grid/front/d/4/d40cc7da-c731-418e-8547-7033d1939450.webp?1783903685,https://scryfall.com/card/sos/72/adventurous-eater-have-a-bite
238,Adventurous Impulse,$0.25,https://cards.scryfall.io/grid/front/3/0/30811fb2-5767-4106-9a8d-6091f61969c6.webp?1783931042,https://scryfall.com/card/iko/142/adventurous-impulse
239,Adverse Conditions,$0.10,https://cards.scryfall.io/grid/front/0/3/03d86e0b-294f-41b8-a5cd-d3144a019334.webp?1783938214,https://scryfall.com/card/bfz/54/adverse-conditions
240,Advice from the Fae,$0.24,https://cards.scryfall.io/grid/front/d/8/d874f345-e623-4317-9aa7-66d14a011303.webp?1783942764,https://scryfall.com/card/shm/28/advice-from-the-fae
241,Advocate of the Beast,$0.17,https://cards.scryfall.io/grid/front/b/1/b1320400-5aa8-48d6-be84-197b4559456f.webp?1783939907,https://scryfall.com/card/m14/164/advocate-of-the-beast
242,"Aegar, the Freezing Flame",$0.18,https://cards.scryfall.io/grid/front/6/8/68011f60-6202-48f4-8255-fb94764e2951.webp?1783928202,https://scryfall.com/card/khm/200/aegar-the-freezing-flame
243,Aegis Angel,$0.48,https://cards.scryfall.io/grid/front/3/d/3d27e65f-6d55-420e-a843-16097b50f7a2.webp?1783936168,https://scryfall.com/card/e01/1/aegis-angel
244,Aegis Automaton,$0.06,https://cards.scryfall.io/grid/front/e/5/e5f9fa2d-4bf4-4fcb-9b76-fd4a9ff5a58c.webp?1783936731,https://scryfall.com/card/aer/141/aegis-automaton
245,Aegis of Honor,$2.50,https://cards.scryfall.io/grid/front/9/5/9561ffdb-f4dd-4b62-a2c2-933498e3a061.webp?1783945285,https://scryfall.com/card/ody/1/aegis-of-honor
246,Aegis of the Gods,$0.94,https://cards.scryfall.io/grid/front/f/2/f2b2f381-86a2-42ac-b694-dcde437d574f.webp?1783939463,https://scryfall.com/card/jou/1/aegis-of-the-gods
247,Aegis of the Heavens,$0.33,https://cards.scryfall.io/grid/front/a/9/a94f356d-4714-4500-8fb0-1ac68ec5c1cf.webp?1783930483,https://scryfall.com/card/jmp/79/aegis-of-the-heavens
248,Aegis of the Legion,$1.76,https://cards.scryfall.io/grid/front/7/6/76cd4e45-30a0-4a24-9612-adeb8fddff23.webp?1783912578,https://scryfall.com/card/clu/22/aegis-of-the-legion
249,Aegis of the Meek,$0.66,https://cards.scryfall.io/grid/front/5/d/5d272051-f442-4f6e-8c64-df28b398d2e8.webp?1783947462,https://scryfall.com/card/ice/307/aegis-of-the-meek
250,Aegis Sculptor,$0.10,https://cards.scryfall.io/grid/front/1/9/19c1417a-9719-46f6-8749-d92b93ce0529.webp?1783907401,https://scryfall.com/card/tdm/35/aegis-sculptor
251,Aegis Turtle,$0.19,https://cards.scryfall.io/grid/front/c/7/c7f2014a-fbc9-447c-a440-e06d01066bb9.webp?1783909083,https://scryfall.com/card/fdn/150/aegis-turtle
252,Aeolipile,$1.58,https://cards.scryfall.io/grid/front/a/0/a09030ee-415c-45af-bf08-7623197a314f.webp?1783947882,https://scryfall.com/card/fem/81/aeolipile
253,Aeon Chronicler,$0.37,https://cards.scryfall.io/grid/front/5/c/5cec8dcc-8ebb-4640-a5f3-90e6e62c27e5.webp?1783927854,https://scryfall.com/card/tsr/51/aeon-chronicler
254,Aeon Engine,$0.63,https://cards.scryfall.io/grid/front/e/a/ea4dfdd7-f35a-45d6-9fc7-2c096f92dd5f.webp?1783932794,https://scryfall.com/card/c19/52/aeon-engine
255,Aerathi Berserker,$2.79,https://cards.scryfall.io/grid/front/0/6/06673800-22a7-4ee3-92fa-7c7cd4865d30.webp?1783948059,https://scryfall.com/card/leg/131/aerathi-berserker
256,Aerial Assault,$0.26,https://cards.scryfall.io/grid/front/5/8/58e84a4a-034f-4f55-a827-e62f2b61f091.webp?1783930482,https://scryfall.com/card/jmp/80/aerial-assault
257,Aerial Boost,$0.23,https://cards.scryfall.io/grid/front/f/7/f7017afb-4c7c-4c8d-9c9d-3f056a55561e.webp?1783917072,https://scryfall.com/card/mom/2/aerial-boost
258,Aerial Caravan,$0.39,https://cards.scryfall.io/grid/front/a/d/adac91af-5165-4779-99f7-e75c83fa5d5d.webp?1783945971,https://scryfall.com/card/mmq/58/aerial-caravan
259,Aerial Doombot,$0.17,https://cards.scryfall.io/grid/front/e/7/e727ec1c-dc3b-4f1a-8a62-18549f118b89.webp?1783902963,https://scryfall.com/card/msh/43/aerial-doombot
260,Aerial Engineer,$0.04,https://cards.scryfall.io/grid/front/5/3/5314bae2-4930-4f8a-8a52-853bc3feb88f.webp?1783934524,https://scryfall.com/card/m19/211/aerial-engineer
261,Aerialephant,$0.06,https://cards.scryfall.io/grid/front/1/a/1a2f4abd-089e-4015-a207-8a62616668b1.webp?1783920619,https://scryfall.com/card/unf/2/aerialephant
262,Aerial Extortionist,$4.14,https://cards.scryfall.io/grid/front/5/3/5353bcb9-800d-4d74-95fa-42350a0f25de.webp?1783913034,https://scryfall.com/card/mkc/54/aerial-extortionist
263,Aerial Formation,$0.08,https://cards.scryfall.io/grid/front/f/c/fce86785-bc03-451e-8422-8bb53082cc12.webp?1783939451,https://scryfall.com/card/jou/30/aerial-formation
264,Aerial Guide,$0.10,https://cards.scryfall.io/grid/front/b/7/b744c138-9b9e-47f6-9d56-feb6a78ce377.webp?1783936054,https://scryfall.com/card/hou/29/aerial-guide
265,Aerial Maneuver,$0.05,https://cards.scryfall.io/grid/front/c/6/c63e9c49-3fa4-41ad-9eed-19801df103c6.webp?1783940146,https://scryfall.com/card/gtc/1/aerial-maneuver
266,Aerial Modification,$0.12,https://cards.scryfall.io/grid/front/b/8/b89cab47-25fb-49ea-bb43-90a0089b6b20.webp?1783936786,https://scryfall.com/card/aer/1/aerial-modification
267,Aerial Predation,$0.15,https://cards.scryfall.io/grid/front/3/b/3b405858-83eb-4939-b86d-4ba190fca048.webp?1783935522,https://scryfall.com/card/ima/154/aerial-predation
268,Aerial Responder,$0.09,https://cards.scryfall.io/grid/front/8/8/8833065e-5022-4f48-b2fd-6fe5647c0a07.webp?1783931207,https://scryfall.com/card/c20/72/aerial-responder
269,Aerial Surveyor,$1.32,https://cards.scryfall.io/grid/front/7/c/7c474f31-336d-44df-a7da-27aefd220e22.webp?1783923999,https://scryfall.com/card/nec/5/aerial-surveyor
270,Aerial Toastmaster,$0.12,https://cards.scryfall.io/grid/front/b/7/b7290b56-22c2-4905-8add-0550a12db082.webp?1783935467,https://scryfall.com/card/ust/2/aerial-toastmaster
271,Aerial Volley,$0.10,https://cards.scryfall.io/grid/front/c/5/c5178301-f766-48d3-af07-6bd6f822c725.webp?1783938325,https://scryfall.com/card/ori/168/aerial-volley
272,Aerie Auxiliary,$0.18,https://cards.scryfall.io/grid/front/5/e/5e4c134b-a416-467e-a158-def84c92c6af.webp?1783911304,https://scryfall.com/card/mh3/18/aerie-auxiliary
273,Aerie Bowmasters,$0.40,https://cards.scryfall.io/grid/front/a/6/a6db26b5-d28c-4524-9347-eec412d584bc.webp?1783938583,https://scryfall.com/card/dtk/170/aerie-bowmasters
274,Aerie Mystics,$0.16,https://cards.scryfall.io/grid/front/a/c/ac774ed1-75f0-4c22-adf7-73a64183981a.webp?1783936316,https://scryfall.com/card/cma/1/aerie-mystics
275,Aerie Ouphes,$0.19,https://cards.scryfall.io/grid/front/b/2/b2e4cb09-c99f-4a17-a6fd-55c9a169a808.webp?1783942680,https://scryfall.com/card/eve/65/aerie-ouphes
276,Aerie Worshippers,$0.23,https://cards.scryfall.io/grid/front/0/6/06c8b3b9-f0fb-4cc1-8916-82ee2c74f089.webp?1783939575,https://scryfall.com/card/bng/30/aerie-worshippers
277,Aerith Gainsborough,✶ $22.06,https://cards.scryfall.io/grid/front/e/8/e86328b6-ded2-41df-8b6e-4a770e7b171e.webp?1783906655,https://scryfall.com/card/fin/4/aerith-gainsborough
278,"Aerith, Last Ancient",✶ $120.29,https://cards.scryfall.io/grid/front/d/0/d041a51c-9a28-4b32-9da3-0f06807959f1.webp?1783906349,https://scryfall.com/card/fic/76/aerith-last-ancient
279,Aerith Rescue Mission,$0.20,https://cards.scryfall.io/grid/front/3/1/3123d16c-e1e6-4659-a7a3-2ec6efc6bf08.webp?1783906653,https://scryfall.com/card/fin/5/aerith-rescue-mission
280,Aeromoeba,$0.19,https://cards.scryfall.io/grid/front/2/a/2a304f7e-0b9e-4ef6-9ad8-34350839f7d9.webp?1783926882,https://scryfall.com/card/mh2/37/aeromoeba
281,Aeromunculus,$0.12,https://cards.scryfall.io/grid/front/6/7/671c94c1-df52-4985-ad78-3e1c9c78df18.webp?1783933659,https://scryfall.com/card/rna/152/aeromunculus
282,Aeronaut Admiral,$0.30,https://cards.scryfall.io/grid/front/9/4/943f7244-aa62-423f-aaaa-680bdfb4f47e.webp?1783923969,https://scryfall.com/card/nec/79/aeronaut-admiral
283,Aeronaut Cavalry,$0.09,https://cards.scryfall.io/grid/front/3/8/38a62bb2-bc33-44d4-9a7e-92c9ea7d3c2c.webp?1783920137,https://scryfall.com/card/bro/1/aeronaut-cavalry
284,Aeronaut's Wings,$0.19,https://cards.scryfall.io/grid/front/f/c/fcc65821-e4e7-471c-941c-9d3e25ae8bb9.webp?1783920019,https://scryfall.com/card/bro/231/aeronauts-wings
285,Aeronaut Tinkerer,$0.22,https://cards.scryfall.io/grid/front/e/1/e145e85d-1eaa-4ec6-9208-ca6491577302.webp?1783939196,https://scryfall.com/card/m15/43/aeronaut-tinkerer
286,"Aesi, Tyrant of Gyre Strait",$10.69,https://cards.scryfall.io/grid/front/6/7/673c21f8-02b6-4ac4-b2fc-df065b4ac662.webp?1783909597,https://scryfall.com/card/dsc/210/aesi-tyrant-of-gyre-strait
287,Aesthetic Consultation,$0.51,https://cards.scryfall.io/grid/front/0/4/0464a507-20e5-42d5-8aca-12504a869f21.webp?1783944254,https://scryfall.com/card/unh/48/aesthetic-consultation
288,Aesthir Glider,$0.16,https://cards.scryfall.io/grid/front/2/5/25afd4a7-4253-4a4e-a105-e92f64460faa.webp?1783934963,https://scryfall.com/card/dom/209/aesthir-glider
289,Aether Adept,$0.10,https://cards.scryfall.io/grid/front/1/6/1640b76d-15d6-4b08-a34b-c5432259d570.webp?1783939498,https://scryfall.com/card/ddm/12/aether-adept
290,Aether Barrier,$5.26,https://cards.scryfall.io/grid/front/3/6/36298f9f-12cc-43bd-adda-ccabd67a9568.webp?1783945839,https://scryfall.com/card/nem/27/aether-barrier
291,Aetherblade Agent // Gitaxian Mindstinger,$0.18,https://cards.scryfall.io/grid/front/d/a/dad34ae5-56b4-4394-be02-e043dc1cc23d.webp?1783917023,https://scryfall.com/card/mom/88/aetherblade-agent-gitaxian-mindstinger
292,Aetherborn Marauder,$0.17,https://cards.scryfall.io/grid/front/4/c/4c861a13-4e02-41fb-a2c0-29d3a7ae3922.webp?1783911933,https://scryfall.com/card/otc/125/aetherborn-marauder
293,Aether Burst,$0.14,https://cards.scryfall.io/grid/front/3/d/3d09ea4a-0d3a-40b8-be0f-a31693099c4f.webp?1783945267,https://scryfall.com/card/ody/60/aether-burst
294,Aether Channeler,$0.34,https://cards.scryfall.io/grid/front/6/0/60afeb75-2c1e-4634-8c83-88b1dddb77c2.webp?1783921355,https://scryfall.com/card/dmu/42/aether-channeler
295,Aether Charge,$0.22,https://cards.scryfall.io/grid/front/0/5/05df2792-4971-49e8-a8f2-17700e247500.webp?1783945060,https://scryfall.com/card/ons/184/aether-charge
296,Aether Chaser,$0.23,https://cards.scryfall.io/grid/front/2/9/290cde84-d97a-4737-aff2-c443a4e43f7d.webp?1783936757,https://scryfall.com/card/aer/76/aether-chaser
297,Aether Figment,$0.24,https://cards.scryfall.io/grid/front/1/5/15fd5ce4-335f-409c-a09e-e17a41c2da71.webp?1783939501,https://scryfall.com/card/ddm/5/aether-figment
298,Aetherflame Wall,$0.06,https://cards.scryfall.io/grid/front/9/3/93b14f08-dd93-4a9f-a616-8f8d0b26b966.webp?1783943225,https://scryfall.com/card/tsp/142/aetherflame-wall
299,Aether Flash,$0.84,https://cards.scryfall.io/grid/front/7/8/780f9197-e910-4c7a-bb4b-2c4a94903c39.webp?1783945476,https://scryfall.com/card/7ed/172/aether-flash
300,Aetherflux Conduit,$0.24,https://cards.scryfall.io/grid/front/d/d/dd9ac0f2-2d8f-40fc-97fb-d6e05633405d.webp?1783907749,https://scryfall.com/card/drc/17/aetherflux-conduit
301,Aetherflux Reservoir,$27.93,https://cards.scryfall.io/grid/front/9/6/96b6b2e1-c3e6-464c-8a13-b15deb34e862.webp?1783937164,https://scryfall.com/card/kld/192/aetherflux-reservoir
302,Aether Gale,$0.31,https://cards.scryfall.io/grid/front/4/e/4e336e87-e5af-46a0-8caf-5d9ad8d671fd.webp?1783903794,https://scryfall.com/card/soc/186/aether-gale
303,Aethergeode Miner,$0.29,https://cards.scryfall.io/grid/front/8/0/80bb3abd-ebaf-4dc2-97eb-ed4a2b005177.webp?1783936787,https://scryfall.com/card/aer/4/aethergeode-miner
304,Aether Gust,$1.71,https://cards.scryfall.io/grid/front/7/8/783da808-6698-4e55-9fac-430a6effe2b1.webp?1783933018,https://scryfall.com/card/m20/42/aether-gust
305,Aether Helix,$0.17,https://cards.scryfall.io/grid/front/7/d/7d1c653e-f629-4105-a52c-379c5cd78208.webp?1783927325,https://scryfall.com/card/stx/162/aether-helix
306,Aether Herder,$0.11,https://cards.scryfall.io/grid/front/e/8/e8744a31-451b-4349-8f62-e2392a72a154.webp?1783936747,https://scryfall.com/card/aer/102/aether-herder
307,Aether Hub,$0.25,https://cards.scryfall.io/grid/front/2/5/25ea04d8-5d85-49d3-8d8d-7fe123d0ed6c.webp?1783937144,https://scryfall.com/card/kld/242/aether-hub
308,Aetheric Amplifier,$0.58,https://cards.scryfall.io/grid/front/2/1/21c33a91-b02c-43ec-a385-aa0349928f9c.webp?1783907748,https://scryfall.com/card/drc/18/aetheric-amplifier
309,Aether Inspector,$0.08,https://cards.scryfall.io/grid/front/f/5/f5dcbe97-d582-464e-98e7-dd06d8652606.webp?1783936785,https://scryfall.com/card/aer/3/aether-inspector
310,Aetherize,$0.58,https://cards.scryfall.io/grid/front/1/e/1e5530fc-0291-4a17-b048-c5d24e6f51d8.webp?1783909087,https://scryfall.com/card/fdn/151/aetherize
311,Aetherjacket,$0.21,https://cards.scryfall.io/grid/front/0/a/0a29c8a5-fd98-422c-9518-2db0993495e5.webp?1783907851,https://scryfall.com/card/dft/230/aetherjacket
312,Aetherling,$0.30,https://cards.scryfall.io/grid/front/9/c/9c93313b-cf43-47e9-a911-717b4d14b0b5.webp?1783940042,https://scryfall.com/card/dgm/11/aetherling
313,Aethermage's Touch,$0.07,https://cards.scryfall.io/grid/front/d/f/df59b2e4-21a6-4cf1-80bd-f92f8ea99f2c.webp?1783921858,https://scryfall.com/card/2x2/167/aethermages-touch
314,Aether Meltdown,$0.21,https://cards.scryfall.io/grid/front/9/1/91f99614-45e2-4688-8403-f3a6b9162b08.webp?1783937224,https://scryfall.com/card/kld/36/aether-meltdown
315,Aether Membrane,$0.55,https://cards.scryfall.io/grid/front/8/b/8be64d5d-779e-4c63-baf4-00a07f73fc9f.webp?1783940767,https://scryfall.com/card/ddi/48/aether-membrane
316,Aether Mutation,$0.22,https://cards.scryfall.io/grid/front/a/9/a9507116-ede8-40a1-8fa3-705e6f6f64c0.webp?1783945338,https://scryfall.com/card/apc/91/aether-mutation
317,Aetherplasm,$0.17,https://cards.scryfall.io/grid/front/0/7/07d71f03-de9c-4a85-be22-e4eb4d98a343.webp?1783913342,https://scryfall.com/card/rvr/34/aetherplasm
318,Aether Poisoner,$0.13,https://cards.scryfall.io/grid/front/c/9/c9b217f1-1621-40d1-8a98-24c1f7cba800.webp?1783936766,https://scryfall.com/card/aer/51/aether-poisoner
319,Aether Refinery,$0.89,https://cards.scryfall.io/grid/front/9/4/94553de8-52e8-4209-919a-cdf9289af116.webp?1783911422,https://scryfall.com/card/m3c/54/aether-refinery
320,Aether Revolt,✶ $0.44,https://cards.scryfall.io/grid/front/b/8/b8732e62-cdee-4d32-82a8-8a71a04be7a1.webp?1783911274,https://scryfall.com/card/mh3/113/aether-revolt
321,Aether Rift,$0.57,https://cards.scryfall.io/grid/front/6/9/692c186a-997c-4f7e-a339-bf84884e1019.webp?1783945667,https://scryfall.com/card/inv/227/aether-rift
322,Aether Searcher,$0.26,https://cards.scryfall.io/grid/front/9/4/94dcff94-9f25-4ca9-a1f1-5d97de4ab9df.webp?1783939370,https://scryfall.com/card/cns/53/aether-searcher
323,Aethershield Artificer,$0.21,https://cards.scryfall.io/grid/front/2/2/226f7c45-db9f-4d48-b575-4d2f1904c963.webp?1783934613,https://scryfall.com/card/m19/2/aethershield-artificer
324,Aether Shockwave,$2.15,https://cards.scryfall.io/grid/front/8/2/8214d2e9-5aa1-42a7-8f1a-f4eaa2def1b1.webp?1783944173,https://scryfall.com/card/sok/1/aether-shockwave
325,Aether Snap,$1.07,https://cards.scryfall.io/grid/front/d/d/dd9cade1-b077-4fb0-b55a-01b9916647e7.webp?1783923273,https://scryfall.com/card/ncc/241/aether-snap
326,Aethersnatch,$1.15,https://cards.scryfall.io/grid/front/0/c/0ce562a9-ca35-4f31-8618-bc26d3d40169.webp?1783938115,https://scryfall.com/card/c15/9/aethersnatch
327,Aethersnipe,$0.12,https://cards.scryfall.io/grid/front/2/c/2cc9b5ee-4d6d-42ea-8b13-b8a7059781c9.webp?1783921922,https://scryfall.com/card/2x2/37/aethersnipe
328,Aether Spellbomb,$0.36,https://cards.scryfall.io/grid/front/a/5/a54e8ce9-edd7-4ae7-9521-6fb6727cf63b.webp?1783930343,https://scryfall.com/card/jmp/456/aether-spellbomb
329,Aethersphere Harvester,$0.28,https://cards.scryfall.io/grid/front/4/1/4160bb5f-4b49-4535-94f5-776d7abd1d1a.webp?1783936732,https://scryfall.com/card/aer/142/aethersphere-harvester
330,Aether Spike,$0.25,https://cards.scryfall.io/grid/front/0/1/012f5195-10ab-4b32-a5de-a79341cd536a.webp?1783911294,https://scryfall.com/card/mh3/50/aether-spike
331,Aetherspouts,$0.80,https://cards.scryfall.io/grid/front/b/5/b5cb6da6-d43b-4ad1-bb77-9eeb6d15240c.webp?1783925347,https://scryfall.com/card/mic/97/aetherspouts
332,Aethersquall Ancient,$0.24,https://cards.scryfall.io/grid/front/5/5/55127a25-dc64-4f26-ae50-ed7247c22ae6.webp?1783937223,https://scryfall.com/card/kld/39/aethersquall-ancient
333,Aether Sting,$0.43,https://cards.scryfall.io/grid/front/6/6/66a09917-50ce-4b51-a5cf-e28e88a45762.webp?1783946069,https://scryfall.com/card/uds/76/aether-sting
334,Aether Storm,$0.30,https://cards.scryfall.io/grid/front/7/9/79d6b89e-f24a-4d32-a6f7-8466f46d9ad0.webp?1783946953,https://scryfall.com/card/5ed/70/aether-storm
335,Aetherstorm Roc,$0.32,https://cards.scryfall.io/grid/front/7/9/79fb7541-7a27-40a5-aabd-fce26df03485.webp?1783937237,https://scryfall.com/card/kld/3/aetherstorm-roc
336,Aetherstream Leopard,$0.05,https://cards.scryfall.io/grid/front/6/f/6f3a727a-5eca-44de-aa8f-0d2573db83eb.webp?1783936746,https://scryfall.com/card/aer/103/aetherstream-leopard
337,Aether Swooper,$0.25,https://cards.scryfall.io/grid/front/8/c/8c34dbe3-3a66-40b3-a5c2-c2d6acb47773.webp?1783936776,https://scryfall.com/card/aer/26/aether-swooper
338,Aether Syphon,$0.27,https://cards.scryfall.io/grid/front/d/7/d7033739-4cd8-4727-b9b5-099fb597006b.webp?1783907911,https://scryfall.com/card/dft/38/aether-syphon
339,Aether Theorist,$0.16,https://cards.scryfall.io/grid/front/8/8/882b5580-ee23-4d65-a2b3-82475d6faf8e.webp?1783937224,https://scryfall.com/card/kld/37/aether-theorist
340,Aether Tide,$0.10,https://cards.scryfall.io/grid/front/9/a/9aab7526-5825-4f31-92ff-be25ab5af2f5.webp?1783946526,https://scryfall.com/card/exo/27/aether-tide
341,Aethertide Whale,$0.14,https://cards.scryfall.io/grid/front/3/8/38722c25-13a7-47af-a4cd-90722f289499.webp?1783936774,https://scryfall.com/card/aer/27/aethertide-whale
342,Aethertorch Renegade,$0.14,https://cards.scryfall.io/grid/front/e/5/e5c443e1-fd13-4627-85a9-8e9a340a2786.webp?1783937198,https://scryfall.com/card/kld/106/aethertorch-renegade
343,Aethertow,$0.06,https://cards.scryfall.io/grid/front/c/0/c0b34ecd-6dd4-49b0-ab49-3c11f70e0c4a.webp?1783936602,https://scryfall.com/card/mm3/205/aethertow
344,Aether Tradewinds,$0.06,https://cards.scryfall.io/grid/front/2/6/26fe4768-fe18-4698-885d-86f5ad150125.webp?1783937224,https://scryfall.com/card/kld/38/aether-tradewinds
345,Aether Tunnel,$0.60,https://cards.scryfall.io/grid/front/5/d/5d6178ed-6353-4733-81e1-7b3dc592c3bd.webp?1783934592,https://scryfall.com/card/m19/43/aether-tunnel
346,Aether Vial,$2.13,https://cards.scryfall.io/grid/front/1/1/11e8d2fd-b132-4807-9410-8edeffa519ed.webp?1783921794,https://scryfall.com/card/2x2/298/aether-vial
347,Aether Web,$0.12,https://cards.scryfall.io/grid/front/c/e/ce9a6af9-1b39-41e1-bd71-210700b7608b.webp?1783943214,https://scryfall.com/card/tsp/189/aether-web
348,Aetherwind Basker,$0.20,https://cards.scryfall.io/grid/front/f/a/fa04d5fa-6ba2-4833-8ea0-1941a03bd3e9.webp?1783936746,https://scryfall.com/card/aer/104/aetherwind-basker
349,Aetherworks Marvel,$0.31,https://cards.scryfall.io/grid/front/8/8/884f6948-3e03-48c6-8be2-6f2539386c9d.webp?1783937164,https://scryfall.com/card/kld/193/aetherworks-marvel
350,Aettir and Priwen,✶ $19.23,https://cards.scryfall.io/grid/front/0/3/038710ca-c756-4e66-a9de-278e676c9f5b.webp?1783906559,https://scryfall.com/card/fin/253/aettir-and-priwen
351,"Aeve, Progenitor Ooze",$0.34,https://cards.scryfall.io/grid/front/d/f/dfe9b1b8-dffe-427d-be1e-2c6b8395bd54.webp?1783926836,https://scryfall.com/card/mh2/148/aeve-progenitor-ooze
352,Affa Guard Hound,$0.29,https://cards.scryfall.io/grid/front/f/7/f762546c-f5eb-420d-a8f7-c3566cd8f506.webp?1783930483,https://scryfall.com/card/jmp/81/affa-guard-hound
353,Affa Protector,$0.23,https://cards.scryfall.io/grid/front/0/e/0e54ac79-fbaa-4385-869b-aaf31e33a11f.webp?1783937927,https://scryfall.com/card/ogw/14/affa-protector
354,Affectionate Indrik,$0.07,https://cards.scryfall.io/grid/front/2/d/2da8347d-06a4-46e0-a55e-cc2da4660263.webp?1783909062,https://scryfall.com/card/fdn/211/affectionate-indrik
355,Afflict,$0.32,https://cards.scryfall.io/grid/front/2/0/20f18447-2853-469b-b3b3-20d6bcafa6e7.webp?1783943043,https://scryfall.com/card/10e/125/afflict
356,Afflicted Deserter // Werewolf Ransacker,$0.21,https://cards.scryfall.io/grid/front/a/2/a2c044c0-3625-4bdf-9445-b462394cecae.webp?1783940829,https://scryfall.com/card/dka/81/afflicted-deserter-werewolf-ransacker
357,Afiya Grove,$1.04,https://cards.scryfall.io/grid/front/c/4/c495e1f3-0845-4556-83e6-de8b9d518d1d.webp?1783947069,https://scryfall.com/card/mir/205/afiya-grove
358,Afterburner Expert,$0.30,https://cards.scryfall.io/grid/front/5/5/555e1bfc-6d07-4979-a914-b2bd1fb031f2.webp?1783907875,https://scryfall.com/card/dft/150/afterburner-expert
359,Afterlife,$0.08,https://cards.scryfall.io/grid/front/2/5/258946f2-294a-4ddf-be91-9ff4c94e4bdb.webp?1783938860,https://scryfall.com/card/c14/64/afterlife
360,Afterlife from the Loam,$0.86,https://cards.scryfall.io/grid/front/9/3/9361b548-a8d9-4e57-98cf-0c464742e1c9.webp?1783907179,https://scryfall.com/card/tdc/25/afterlife-from-the-loam
361,Afterlife Insurance,$6.21,https://cards.scryfall.io/grid/front/2/f/2fa47810-ba83-4a6e-9940-7315ee7e44a5.webp?1783912578,https://scryfall.com/card/clu/23/afterlife-insurance
362,Aftermath Analyst,$0.69,https://cards.scryfall.io/grid/front/6/6/66f135b4-8cb3-4a4e-86ae-81a3cf4b7259.webp?1783906036,https://scryfall.com/card/eoc/91/aftermath-analyst
363,Aftershock,$0.11,https://cards.scryfall.io/grid/front/c/9/c91a26b2-03f8-43f0-a3a4-ff6c5a3690c4.webp?1783946633,https://scryfall.com/card/tmp/160/aftershock
364,Agadeem Occultist,$0.53,https://cards.scryfall.io/grid/front/c/5/c592ef76-d612-4cfe-b906-0e63c44d36f8.webp?1783942058,https://scryfall.com/card/wwk/48/agadeem-occultist
365,"Agadeem's Awakening // Agadeem, the Undercrypt",✶ $36.82,https://cards.scryfall.io/grid/front/6/7/67f4c93b-080c-4196-b095-6a120a221988.webp?1783929388,https://scryfall.com/card/znr/90/agadeems-awakening-agadeem-the-undercrypt
366,Against All Odds,$0.17,https://cards.scryfall.io/grid/front/3/c/3cd8dd4e-6892-49d7-8fae-97d04f9f6c84.webp?1783918086,https://scryfall.com/card/one/1/against-all-odds
367,Agate Assault,$0.17,https://cards.scryfall.io/grid/front/7/d/7dd9946b-515e-4e0d-9da2-711e126e9fa6.webp?1783910826,https://scryfall.com/card/blb/122/agate-assault
368,Agate-Blade Assassin,$0.21,https://cards.scryfall.io/grid/front/3/9/39ebb84a-1c52-4b07-9bd0-b360523b3a5b.webp?1783910839,https://scryfall.com/card/blb/82/agate-blade-assassin
369,Agate Instigator,$8.88,https://cards.scryfall.io/grid/front/9/f/9f838603-f7cd-497d-8d2b-d4cca03c1af7.webp?1783910732,https://scryfall.com/card/blc/21/agate-instigator
370,Agatha of the Vile Cauldron,$7.02,https://cards.scryfall.io/grid/front/d/6/d6c48f07-63b7-4a60-8da6-ce77405abf1e.webp?1783915073,https://scryfall.com/card/woe/199/agatha-of-the-vile-cauldron
371,Agatha's Champion,$0.14,https://cards.scryfall.io/grid/front/9/2/92652c41-1239-4299-a486-11fe1a96e912.webp?1783915084,https://scryfall.com/card/woe/160/agathas-champion
372,Agatha's Soul Cauldron,$35.13,https://cards.scryfall.io/grid/front/0/1/019b51b0-e5c6-4208-922b-7736686dddcd.webp?1783915059,https://scryfall.com/card/woe/242/agathas-soul-cauldron
373,Ageless Entity,$0.34,https://cards.scryfall.io/grid/front/8/f/8fefd7d1-8c70-4d54-be0a-f45833340670.webp?1783927538,https://scryfall.com/card/c21/184/ageless-entity
374,Ageless Guardian,$0.13,https://cards.scryfall.io/grid/front/4/a/4a5ff6af-402f-4bf6-a75b-dc1e0e40aff6.webp?1783927397,https://scryfall.com/card/stx/8/ageless-guardian
375,Ageless Sentinels,$0.27,https://cards.scryfall.io/grid/front/c/c/ccaa4a19-8eba-4c43-8a9a-636e234df751.webp?1783944896,https://scryfall.com/card/scg/1/ageless-sentinels
376,Agency Coroner,$0.05,https://cards.scryfall.io/grid/front/d/6/d63f2c23-e877-42e3-9362-5d003a173c6d.webp?1783912901,https://scryfall.com/card/mkm/75/agency-coroner
377,Agency Outfitter,$0.09,https://cards.scryfall.io/grid/front/8/1/8112f133-535e-4264-8357-9cbf97957710.webp?1783912917,https://scryfall.com/card/mkm/38/agency-outfitter
378,"Agent 13, Sharon Carter",$0.15,https://cards.scryfall.io/grid/front/1/0/107cb521-9806-47dc-92d8-b43112b63caa.webp?1783902979,https://scryfall.com/card/msh/1/agent-13-sharon-carter
379,"Agent Bishop, Man in Black",$0.35,https://cards.scryfall.io/grid/front/9/c/9c769202-178c-442a-a9e2-aa08b5ae5c9a.webp?1783904129,https://scryfall.com/card/tmt/2/agent-bishop-man-in-black
380,Agent Frank Horrigan,$5.54,https://cards.scryfall.io/grid/front/9/1/91193a0b-9087-404f-b397-815e29d0fe12.webp?1783912393,https://scryfall.com/card/pip/89/agent-frank-horrigan
381,Agent Maria Hill,$0.14,https://cards.scryfall.io/grid/front/9/e/9e327c67-1cf1-4d82-903c-b41c8e7cf747.webp?1783902980,https://scryfall.com/card/msh/2/agent-maria-hill
382,Agent of Acquisitions,$0.07,https://cards.scryfall.io/grid/front/c/5/c57def6f-cc2a-4aec-927b-6a561d9fa7a1.webp?1783939369,https://scryfall.com/card/cns/54/agent-of-acquisitions
383,Agent of Atlas,$0.09,https://cards.scryfall.io/grid/front/a/9/a9db550e-ed1f-4973-a7f5-ec2e6adb8e6b.webp?1783902979,https://scryfall.com/card/msh/3/agent-of-atlas
384,Agent of Erebos,$0.32,https://cards.scryfall.io/grid/front/1/e/1e07a595-5579-4d5a-b07c-84239d690459.webp?1783939439,https://scryfall.com/card/jou/59/agent-of-erebos
385,Agent of Horizons,$0.02,https://cards.scryfall.io/grid/front/c/c/cc08576f-1d48-4db4-9bb9-e039f75c98b8.webp?1783939752,https://scryfall.com/card/ths/148/agent-of-horizons
386,Agent of Kotis,$0.06,https://cards.scryfall.io/grid/front/8/1/812d0462-0158-467f-951d-a7a121188a10.webp?1783907402,https://scryfall.com/card/tdm/36/agent-of-kotis
387,Agent of Masks,$0.28,https://cards.scryfall.io/grid/front/7/d/7d6ace1f-c056-494d-a41f-75efa54312a5.webp?1783936625,https://scryfall.com/card/mm3/149/agent-of-masks
388,Agent of Shauku,$0.11,https://cards.scryfall.io/grid/front/d/8/d8316804-6f8b-423e-a2c3-fa476c095544.webp?1783945787,https://scryfall.com/card/pcy/55/agent-of-shauku
389,Agent of Stromgald,$0.24,https://cards.scryfall.io/grid/front/4/a/4a7506f8-cf09-46ca-ad80-3c398c487ae2.webp?1783947181,https://scryfall.com/card/all/64a/agent-of-stromgald
390,Agent of the Fates,$0.28,https://cards.scryfall.io/grid/front/e/c/ecd59977-8788-417d-ba50-e21b8a636bd3.webp?1783939786,https://scryfall.com/card/ths/76/agent-of-the-fates
391,Agent of the Iron Throne,$0.55,https://cards.scryfall.io/grid/front/5/a/5a5984d3-1e76-4d97-9373-b59cfa9c38ae.webp?1783922772,https://scryfall.com/card/clb/107/agent-of-the-iron-throne
392,Agent of the Shadow Thieves,$0.29,https://cards.scryfall.io/grid/front/f/5/f50448e9-afe4-4d4e-b027-bbb855f17aeb.webp?1783922772,https://scryfall.com/card/clb/108/agent-of-the-shadow-thieves
393,Agent of Treachery,$3.13,https://cards.scryfall.io/grid/front/c/c/cc6686e6-4535-49be-b0b3-e76464656cd2.webp?1783933017,https://scryfall.com/card/m20/43/agent-of-treachery
394,Agent Phil Coulson,$0.35,https://cards.scryfall.io/grid/front/1/3/1383e587-df58-4b45-9067-b9399e90b9ed.webp?1783902979,https://scryfall.com/card/msh/4/agent-phil-coulson
395,Agents of HYDRA,$0.14,https://cards.scryfall.io/grid/front/8/5/857fef2e-df1f-4ec6-a262-f6fa52389cf9.webp?1783902948,https://scryfall.com/card/msh/85/agents-of-hydra
396,Agents of S.H.I.E.L.D.,$0.13,https://cards.scryfall.io/grid/front/d/9/d9b5e156-0764-44e0-b0c7-de2561ea9e04.webp?1783902978,https://scryfall.com/card/msh/5/agents-of-shield
397,Agent's Toolkit,✶ $35.29,https://cards.scryfall.io/grid/front/6/4/64cbb81d-3444-4491-963f-8ce9a9430788.webp?1786423257,https://scryfall.com/card/ncc/66/agents-toolkit
398,Agent Venom,✶ $2.01,https://cards.scryfall.io/grid/front/f/5/f5f80d82-d64c-466f-8874-9cfb00469f02.webp?1783905348,https://scryfall.com/card/spm/49/agent-venom
399,Age of Ultron,$0.31,https://cards.scryfall.io/grid/front/5/4/54050442-c9b1-481a-a1cd-77c147e9013e.webp?1783903290,https://scryfall.com/card/msc/41/age-of-ultron
400,Aggravate,$0.08,https://cards.scryfall.io/grid/front/9/9/999f40a7-b723-42e1-83c1-f45a72a26dd4.webp?1783940693,https://scryfall.com/card/avr/125/aggravate
401,Aggravated Assault,$24.04,https://cards.scryfall.io/grid/front/c/9/c99c5707-d5f2-4675-bfca-e801e6b0f627.webp?1783945060,https://scryfall.com/card/ons/185/aggravated-assault
402,Aggression,$0.21,https://cards.scryfall.io/grid/front/f/3/f3f26060-0c24-496c-b8e2-4dac7ea6166b.webp?1783947493,https://scryfall.com/card/ice/169/aggression
403,Aggressive Biomancy,$0.53,https://cards.scryfall.io/grid/front/2/4/24cf121b-c6ad-4425-a2fc-7ce185cd30ef.webp?1783911417,https://scryfall.com/card/m3c/69/aggressive-biomancy
404,Aggressive Instinct,$0.24,https://cards.scryfall.io/grid/front/4/0/40ab4bcf-e6b9-4368-97d5-56862713a66a.webp?1783934625,https://scryfall.com/card/gs1/34/aggressive-instinct
405,Aggressive Mammoth,$0.42,https://cards.scryfall.io/grid/front/7/7/7724b978-999b-4654-96f3-58e28aa7cb34.webp?1783908947,https://scryfall.com/card/fdn/551/aggressive-mammoth
406,Aggressive Mining,$1.35,https://cards.scryfall.io/grid/front/e/1/e15a3f1a-83af-4541-8d1c-bf7844f969c9.webp?1783939177,https://scryfall.com/card/m15/127/aggressive-mining
407,Aggressive Negotiations,$0.13,https://cards.scryfall.io/grid/front/9/9/993ade84-031f-4a3e-bd68-55f61b559248.webp?1783907382,https://scryfall.com/card/tdm/70/aggressive-negotiations
408,Aggressive Sabotage,$0.09,https://cards.scryfall.io/grid/front/a/c/ac809fca-664a-4e7d-a39f-2bc1dea0fbd8.webp?1783921339,https://scryfall.com/card/dmu/78/aggressive-sabotage
409,Aggressive Urge,$0.25,https://cards.scryfall.io/grid/front/f/f/ff69e6a8-f34f-4aea-9a54-c4b64ed3116c.webp?1783930373,https://scryfall.com/card/jmp/374/aggressive-urge
410,Agility,$0.20,https://cards.scryfall.io/grid/front/5/6/5694cb42-7489-40c5-b21a-aeb36636015f.webp?1783947084,https://scryfall.com/card/mir/154/agility
411,Agility Bobblehead,$0.94,https://cards.scryfall.io/grid/front/c/f/cff8b0c5-5457-432a-8c27-f193c9922aec.webp?1783912381,https://scryfall.com/card/pip/126/agility-bobblehead
412,Agitator Ant,$0.34,https://cards.scryfall.io/grid/front/b/c/bc63ff71-ff42-4baf-977b-55f69c8e122f.webp?1783913001,https://scryfall.com/card/mkc/145/agitator-ant
413,Agna Qel'a,✶ $4.90,https://cards.scryfall.io/grid/front/6/b/6b885829-a323-4f7d-87c9-aa4615dcbe5c.webp?1783904914,https://scryfall.com/card/tla/264/agna-qela
414,Agonasaur Rex,$0.67,https://cards.scryfall.io/grid/front/5/b/5b11ec26-9e07-45e1-bcaa-5d44d1231586.webp?1783907875,https://scryfall.com/card/dft/151/agonasaur-rex
415,Agonizing Demise,$0.28,https://cards.scryfall.io/grid/front/b/7/b7621aab-4839-45ef-bfa2-9aa2417bbec0.webp?1783941011,https://scryfall.com/card/ddh/66/agonizing-demise
416,Agonizing Memories,$0.25,https://cards.scryfall.io/grid/front/2/8/28bac7a8-d3bb-4032-b30b-db7328e4d2fc.webp?1783943043,https://scryfall.com/card/10e/126/agonizing-memories
417,Agonizing Remorse,$0.16,https://cards.scryfall.io/grid/front/0/9/09270c65-546e-4737-a6b7-402cbb87917a.webp?1783931572,https://scryfall.com/card/thb/83/agonizing-remorse
418,Agonizing Syphon,$0.22,https://cards.scryfall.io/grid/front/3/5/3532a279-b8e1-4124-bcd7-d7f4c71673eb.webp?1783930436,https://scryfall.com/card/jmp/199/agonizing-syphon
419,Agony Warp,$0.29,https://cards.scryfall.io/grid/front/5/8/5890a23e-1da0-432b-8dc8-85b92dee9ba1.webp?1783921857,https://scryfall.com/card/2x2/168/agony-warp
420,A Good Day to Pie,$0.08,https://cards.scryfall.io/grid/front/9/c/9cc2b6b4-399d-411a-a057-8dd1fff0d3b7.webp?1783920614,https://scryfall.com/card/unf/12/a-good-day-to-pie
421,Agoraphobia,$0.04,https://cards.scryfall.io/grid/front/b/4/b450de6b-4b2f-4004-be7c-484434f28faf.webp?1783939494,https://scryfall.com/card/ddm/22/agoraphobia
422,"Agrus Kos, Eternal Soldier",$1.72,https://cards.scryfall.io/grid/front/e/a/ea531418-6c7c-4e23-b681-6bfdd4a3eb79.webp?1783919197,https://scryfall.com/card/j22/1/agrus-kos-eternal-soldier
423,"Agrus Kos, Spirit of Justice",$1.25,https://cards.scryfall.io/grid/front/5/8/58aeac7c-1275-49d4-9915-7604ae4bfdff.webp?1783912857,https://scryfall.com/card/mkm/184/agrus-kos-spirit-of-justice
424,"Agrus Kos, Wojek Veteran",$0.50,https://cards.scryfall.io/grid/front/c/2/c2521942-0ecd-45a9-bac6-04267a2c29ed.webp?1783943628,https://scryfall.com/card/rav/190/agrus-kos-wojek-veteran
425,Ahn-Crop Champion,$0.22,https://cards.scryfall.io/grid/front/2/d/2ddda94a-4b2d-47b0-8d2c-3ad70a0d5584.webp?1783936464,https://scryfall.com/card/akh/194/ahn-crop-champion
426,Ahn-Crop Crasher,$0.20,https://cards.scryfall.io/grid/front/d/d/dd5db68c-24d5-44ce-9809-e446f26fac5d.webp?1783936494,https://scryfall.com/card/akh/117/ahn-crop-crasher
427,Ahn-Crop Invader,$0.06,https://cards.scryfall.io/grid/front/2/d/2dea2466-5c7f-40ce-b749-100ae89d2c90.webp?1783933435,https://scryfall.com/card/war/113/ahn-crop-invader
428,Ahriman,$0.17,https://cards.scryfall.io/grid/front/1/6/162a415c-5465-497e-8f4e-c6f09681641d.webp?1783906624,https://scryfall.com/card/fin/87/ahriman
429,Aid from the Cowl,$0.34,https://cards.scryfall.io/grid/front/3/2/327dbb25-833a-4293-b397-ebe7859227a5.webp?1783917143,https://scryfall.com/card/moc/290/aid-from-the-cowl
430,Aid the Fallen,$0.21,https://cards.scryfall.io/grid/front/5/f/5f8bc010-f1af-42a2-9009-2039cf3d8f0a.webp?1783933453,https://scryfall.com/card/war/76/aid-the-fallen
431,A.I.M. Bot,$0.14,https://cards.scryfall.io/grid/front/5/2/52b09b2a-8876-4b7d-97bd-2f46fd96849a.webp?1783903104,https://scryfall.com/card/msc/529/aim-bot
432,Aim for the Head,$0.32,https://cards.scryfall.io/grid/front/1/1/1174e8e1-2e8e-4070-9871-7d5d93e0dd56.webp?1783924875,https://scryfall.com/card/vow/92/aim-for-the-head
433,Aim High,$0.16,https://cards.scryfall.io/grid/front/b/2/b28dbf2c-9bfe-42be-be55-1e7fb523df36.webp?1783908104,https://scryfall.com/card/inr/185/aim-high
434,A.I.M. Labs,$0.20,https://cards.scryfall.io/grid/front/c/a/ca24cd9f-fd9f-4ea0-8b9c-ecf98db219a6.webp?1783902887,https://scryfall.com/card/msh/257/aim-labs
435,A.I.M. Scientists,$0.13,https://cards.scryfall.io/grid/front/a/b/ab96b656-100e-491a-a8c9-94dbb9482c4d.webp?1783902962,https://scryfall.com/card/msh/44/aim-scientists
436,A.I.M. Synthoids,$0.11,https://cards.scryfall.io/grid/front/f/2/f29dee50-ea7e-4a54-bc91-99928a8405e3.webp?1783902892,https://scryfall.com/card/msh/242/aim-synthoids
437,Ainok Artillerist,$0.16,https://cards.scryfall.io/grid/front/3/a/3a4c8964-06e4-4a24-9a7e-9cac0fb8518e.webp?1783938582,https://scryfall.com/card/dtk/171/ainok-artillerist
438,Ainok Bond-Kin,$0.32,https://cards.scryfall.io/grid/front/6/9/6956c523-507c-4256-88b8-58a8a108c79f.webp?1783915729,https://scryfall.com/card/cmm/7/ainok-bond-kin
439,Ainok Guide,$0.25,https://cards.scryfall.io/grid/front/c/3/c361ea9c-a989-4ded-8b2c-f565aa9d8a1d.webp?1783938682,https://scryfall.com/card/frf/121/ainok-guide
440,Ainok Strike Leader,$2.80,https://cards.scryfall.io/grid/front/c/a/cabd77a6-0913-4522-891d-c8a412a536c2.webp?1783907186,https://scryfall.com/card/tdc/11/ainok-strike-leader
441,Ainok Survivalist,$0.25,https://cards.scryfall.io/grid/front/0/f/0f4b5b18-569f-4f61-ad2f-966ba4fbabdc.webp?1783912993,https://scryfall.com/card/mkc/165/ainok-survivalist
442,Ainok Tracker,$0.20,https://cards.scryfall.io/grid/front/0/f/0ff9400d-4842-471f-bf7e-3b21df352e0a.webp?1783939076,https://scryfall.com/card/ktk/96/ainok-tracker
443,Ainok Wayfarer,$0.19,https://cards.scryfall.io/grid/front/5/7/57695a9b-8f72-4ccc-a946-5d5037b09b8f.webp?1783907347,https://scryfall.com/card/tdm/134/ainok-wayfarer
444,Airbender Ascension,✶ $13.26,https://cards.scryfall.io/grid/front/9/9/99a90d13-891c-45cc-b1d5-6080ebae5862.webp?1783905006,https://scryfall.com/card/tla/6/airbender-ascension
445,Airbender's Reversal,$0.25,https://cards.scryfall.io/grid/front/6/b/6b7078e4-2892-4b5f-83ab-90369e0d6dba.webp?1783905006,https://scryfall.com/card/tla/7/airbenders-reversal
446,Airbending Lesson,$0.20,https://cards.scryfall.io/grid/front/e/2/e2bcd0a6-e94d-4a21-a334-a57459c1b8cc.webp?1783905007,https://scryfall.com/card/tla/8/airbending-lesson
447,Air Bladder,$0.11,https://cards.scryfall.io/grid/front/a/7/a7363c6f-53a3-4f41-b451-8120bc24f1ee.webp?1783945838,https://scryfall.com/card/nem/28/air-bladder
448,Airborne Aid,$0.57,https://cards.scryfall.io/grid/front/0/a/0aaa43b0-601f-4b99-a328-541b04d5696d.webp?1783945089,https://scryfall.com/card/ons/62/airborne-aid
449,Air-Cult Elemental,$0.13,https://cards.scryfall.io/grid/front/f/b/fba82564-a9a9-4ded-a5fa-0e5fab2a3faa.webp?1783926520,https://scryfall.com/card/afr/45/air-cult-elemental
450,Airdrop Aeronauts,$0.06,https://cards.scryfall.io/grid/front/4/9/49827a57-cf10-4a44-a1fd-ac611da39dc9.webp?1783936783,https://scryfall.com/card/aer/5/airdrop-aeronauts
451,Airdrop Condor,$0.08,https://cards.scryfall.io/grid/front/e/c/ec9796ac-11e2-4295-bf00-f684d0111970.webp?1783945059,https://scryfall.com/card/ons/186/airdrop-condor
452,Air Elemental,$1.47,https://cards.scryfall.io/grid/front/a/2/a27efec0-40c4-48bc-a21a-3af28a6529b5.webp?1783933018,https://scryfall.com/card/m20/44/air-elemental
453,Airlift Chaplain,$0.15,https://cards.scryfall.io/grid/front/7/a/7ad55575-6053-43b1-9496-bcb1ea25e2a1.webp?1783920134,https://scryfall.com/card/bro/2/airlift-chaplain
454,Air Marshal,$0.04,https://cards.scryfall.io/grid/front/9/9/991e1a6c-914b-45c8-9170-c09e72696117.webp?1783920115,https://scryfall.com/card/bro/43/air-marshal
455,Air Nomad Legacy,$0.19,https://cards.scryfall.io/grid/front/1/0/10874416-fa4c-4aa3-b885-4351d011d208.webp?1783904932,https://scryfall.com/card/tla/206/air-nomad-legacy
456,Air Nomad Student,$0.18,https://cards.scryfall.io/grid/front/1/8/18e539c8-f0c5-4715-97a5-b060d996eef2.webp?1783904836,https://scryfall.com/card/tle/75/air-nomad-student
457,Air Response Unit,$0.11,https://cards.scryfall.io/grid/front/d/7/d77c8e29-de24-4664-baf8-959608dd99ca.webp?1783907923,https://scryfall.com/card/dft/1/air-response-unit
458,Air Servant,$0.02,https://cards.scryfall.io/grid/front/0/1/01007d7f-e29b-49d5-bc60-44b2fb77ed3d.webp?1783937687,https://scryfall.com/card/w16/4/air-servant
459,Airship Crash,$0.17,https://cards.scryfall.io/grid/front/e/c/ec91c4e4-711f-464d-bc83-e6813f4fdcdb.webp?1783906592,https://scryfall.com/card/fin/171/airship-crash
460,Airship Engine Room,$0.26,https://cards.scryfall.io/grid/front/0/b/0b98ba34-f251-4bd0-9d75-1d4445be5cfd.webp?1783904913,https://scryfall.com/card/tla/265/airship-engine-room
461,Airtight Alibi,$0.19,https://cards.scryfall.io/grid/front/b/f/bffbbe21-0a1d-48b9-903e-81c109aa11de.webp?1783912873,https://scryfall.com/card/mkm/149/airtight-alibi
462,Aisha of Sparks and Smoke,$0.64,https://cards.scryfall.io/grid/front/0/9/093aa76d-2154-4e71-a2bf-461d1afb887b.webp?1783917774,https://scryfall.com/card/slx/12/aisha-of-sparks-and-smoke
463,Aisling Leprechaun,$0.62,https://cards.scryfall.io/grid/front/6/4/640a161d-ad7b-4e5b-8f2d-d3753cb9daa3.webp?1783948050,https://scryfall.com/card/leg/173/aisling-leprechaun
464,"Ajani, Adversary of Tyrants",$0.99,https://cards.scryfall.io/grid/front/4/c/4c565076-5db2-47ea-8ee0-4a4fd7bb353d.webp?1783934611,https://scryfall.com/card/m19/3/ajani-adversary-of-tyrants
465,"Ajani, Caller of the Pride",✶ $4.23,https://cards.scryfall.io/grid/front/5/9/59793f1c-8c7e-433e-9c09-40aa3ce931a1.webp?1783909088,https://scryfall.com/card/fdn/134/ajani-caller-of-the-pride
466,Ajani Fells the Godsire,$0.19,https://cards.scryfall.io/grid/front/1/d/1d918133-d4e2-4674-a3cb-58edef1c6758.webp?1783911304,https://scryfall.com/card/mh3/19/ajani-fells-the-godsire
467,Ajani Goldmane,$5.16,https://cards.scryfall.io/grid/front/2/d/2d911053-a026-4b20-ba2d-dbcc367c1413.webp?1783941838,https://scryfall.com/card/m11/1/ajani-goldmane
468,"Ajani, Inspiring Leader",✶ $7.79,https://cards.scryfall.io/grid/front/d/b/dba41e5f-66b8-4459-8a07-bbe893216f1e.webp?1783932923,https://scryfall.com/card/m20/282/ajani-inspiring-leader
469,"Ajani, Mentor of Heroes",✶ $0.68,https://cards.scryfall.io/grid/front/4/a/4a30bcfa-6f95-450f-aea7-885983d7c6a5.webp?1783939407,https://scryfall.com/card/jou/145/ajani-mentor-of-heroes
470,"Ajani, Nacatl Pariah // Ajani, Nacatl Avenger",✶ $24.96,https://cards.scryfall.io/grid/front/0/d/0d16e8e0-31b2-4389-afd6-783c501f6fa0.webp?1783911238,https://scryfall.com/card/mh3/237/ajani-nacatl-pariah-ajani-nacatl-avenger
471,"Ajani, Outland Chaperone",$2.97,https://cards.scryfall.io/grid/front/6/1/6124a691-ae83-4d22-a177-0aee65b47064.webp?1783904513,https://scryfall.com/card/ecl/4/ajani-outland-chaperone
472,Ajani Resolute,$49.95,https://cards.scryfall.io/grid/front/a/5/a5e1a7dd-8c49-4435-935c-bcc78704082b.webp?1784338228,https://scryfall.com/card/fra/195/ajani-resolute
473,Ajani's Aid,$0.19,https://cards.scryfall.io/grid/front/7/0/7026c374-0776-403b-86fd-5092677fd5c9.webp?1783936714,https://scryfall.com/card/aer/188/ajanis-aid
474,Ajani's Chosen,$0.26,https://cards.scryfall.io/grid/front/b/c/bc20cca0-303f-4463-85ae-26b80ff26211.webp?1783903815,https://scryfall.com/card/soc/132/ajanis-chosen
475,Ajani's Comrade,$0.11,https://cards.scryfall.io/grid/front/5/b/5bebef1c-2f03-4e0a-b3ba-861546ebf8a6.webp?1783936714,https://scryfall.com/card/aer/187/ajanis-comrade
476,Ajani's Influence,$0.28,https://cards.scryfall.io/grid/front/d/3/d38ad178-35a5-44ad-b80a-d746f3e6a45c.webp?1783934491,https://scryfall.com/card/m19/282/ajanis-influence
477,Ajani's Last Stand,$0.23,https://cards.scryfall.io/grid/front/1/a/1aebbb57-31b3-4289-815e-4f529e29f3ea.webp?1783934610,https://scryfall.com/card/m19/4/ajanis-last-stand
478,"Ajani, Sleeper Agent",$6.54,https://cards.scryfall.io/grid/front/7/6/7641f4d9-4614-41c8-87f5-4845bd78e9b3.webp?1783921289,https://scryfall.com/card/dmu/192/ajani-sleeper-agent
479,Ajani's Mantra,$0.40,https://cards.scryfall.io/grid/front/d/e/de4da30d-5c72-4323-b305-7277038b4a05.webp?1783941022,https://scryfall.com/card/ddh/22/ajanis-mantra
480,Ajani's Presence,$0.19,https://cards.scryfall.io/grid/front/e/7/e77e2fd5-5c46-4f6b-ac43-ec23fab57a1a.webp?1783939464,https://scryfall.com/card/jou/2/ajanis-presence
481,Ajani's Pridemate,$0.28,https://cards.scryfall.io/grid/front/2/2/222c1a68-e34c-4103-b1be-17d4ceaef6ce.webp?1783909088,https://scryfall.com/card/fdn/135/ajanis-pridemate
482,Ajani's Response,$0.18,https://cards.scryfall.io/grid/front/9/c/9cd1417a-badc-4abd-a8ca-5b31f85c1072.webp?1783903709,https://scryfall.com/card/sos/6/ajanis-response
483,Ajani's Sunstriker,$0.29,https://cards.scryfall.io/grid/front/3/7/373d6799-e031-4043-8437-ed4880be0de9.webp?1783939367,https://scryfall.com/card/cns/66/ajanis-sunstriker
484,Ajani Steadfast,$2.06,https://cards.scryfall.io/grid/front/5/1/51825d35-cdb2-40fa-ab89-1625161b04af.webp?1783915454,https://scryfall.com/card/cmm/813/ajani-steadfast
485,"Ajani, Strength of the Pride",$12.20,https://cards.scryfall.io/grid/front/7/9/79883468-a37c-4894-8d05-6a4d150b7d59.webp?1783933034,https://scryfall.com/card/m20/2/ajani-strength-of-the-pride
486,Ajani's Welcome,$1.67,https://cards.scryfall.io/grid/front/c/9/c9045fcb-b633-4c35-8058-6234311551ae.webp?1783934610,https://scryfall.com/card/m19/6/ajanis-welcome
487,"Ajani, the Greathearted",$0.42,https://cards.scryfall.io/grid/front/6/c/6cc78151-8cb0-4521-9674-fb0c67e24a17.webp?1783933403,https://scryfall.com/card/war/184/ajani-the-greathearted
488,Ajani Unrelenting,$49.95,https://cards.scryfall.io/grid/front/b/c/bc3c096f-7f6c-474c-a2c8-75d3e6ddd6f5.webp?1784371010,https://scryfall.com/card/fra/242/ajani-unrelenting
489,Ajani Unyielding,$0.59,https://cards.scryfall.io/grid/front/4/1/41000308-144d-4d3b-afec-e3928d20edfc.webp?1783923234,https://scryfall.com/card/ncc/324/ajani-unyielding
490,"Ajani, Valiant Protector",✶ $3.85,https://cards.scryfall.io/grid/front/7/9/791fdd9a-0ab6-4db9-84f9-859d2d862518.webp?1783936716,https://scryfall.com/card/aer/185/ajani-valiant-protector
491,Ajani Vengeant,✶ $5.21,https://cards.scryfall.io/grid/front/f/3/f3bf1867-aab4-4935-b891-45489ebeb231.webp?1783941026,https://scryfall.com/card/ddh/1/ajani-vengeant
492,"Ajani, Wise Counselor",✶ $9.65,https://cards.scryfall.io/grid/front/b/4/b4a22ecc-3a5c-44a1-bb52-bbeffa2dbf17.webp?1783934494,https://scryfall.com/card/m19/281/ajani-wise-counselor
493,"Akal Pakal, First Among Equals",$0.27,https://cards.scryfall.io/grid/front/a/b/ab9f6a1b-8467-4584-affd-8c71d3e34d2f.webp?1783913800,https://scryfall.com/card/lci/44/akal-pakal-first-among-equals
494,"Akawalli, the Seething Tower",$0.21,https://cards.scryfall.io/grid/front/3/e/3ee62dd1-97d0-4e5d-8937-26c9e51e9414.webp?1783913735,https://scryfall.com/card/lci/220/akawalli-the-seething-tower
495,A Killer Among Us,$0.11,https://cards.scryfall.io/grid/front/2/c/2c1392c5-91a5-4e6e-803d-ed032e4d594b.webp?1783912865,https://scryfall.com/card/mkm/167/a-killer-among-us
496,"Akim, the Soaring Wind",$0.57,https://cards.scryfall.io/grid/front/2/3/23736c5f-bd1c-4505-8639-5fb92cd74b21.webp?1783931233,https://scryfall.com/card/c20/6/akim-the-soaring-wind
497,"Akiri, Fearless Voyager",$1.42,https://cards.scryfall.io/grid/front/f/a/fa135775-abcd-4a21-abb7-3aeb5a39df28.webp?1783915617,https://scryfall.com/card/cmm/335/akiri-fearless-voyager
498,"Akiri, Line-Slinger",$4.28,https://cards.scryfall.io/grid/front/3/b/3b951e0c-a4dd-4a20-87c6-eaa947e33aa4.webp?1783937085,https://scryfall.com/card/c16/26/akiri-line-slinger
499,Akki Avalanchers,$0.08,https://cards.scryfall.io/grid/front/b/f/bfef6acb-a11c-4a3f-9cfb-9394dece2675.webp?1783944307,https://scryfall.com/card/chk/151/akki-avalanchers
500,Akki Battle Squad,$4.92,https://cards.scryfall.io/grid/front/c/a/ca624ce6-5b99-41af-8e26-b952f5a30916.webp?1783923994,https://scryfall.com/card/nec/18/akki-battle-squad
501,Akki Blizzard-Herder,$0.27,https://cards.scryfall.io/grid/front/7/c/7ce1ee90-67d1-4e83-ae1e-3bd71069aae4.webp?1783944193,https://scryfall.com/card/bok/91/akki-blizzard-herder
502,Akki Coalflinger,$0.17,https://cards.scryfall.io/grid/front/2/c/2c7067f4-8578-4e5e-886a-c9b14729c4b6.webp?1783938768,https://scryfall.com/card/evg/33/akki-coalflinger
503,Akki Drillmaster,$0.14,https://cards.scryfall.io/grid/front/7/f/7fb63254-5786-43fb-8ccd-132095a55e64.webp?1783944151,https://scryfall.com/card/sok/92/akki-drillmaster
504,Akki Ember-Keeper,$0.18,https://cards.scryfall.io/grid/front/4/d/4d83e837-fcd1-4833-9117-e6f1bb53caad.webp?1783923873,https://scryfall.com/card/neo/130/akki-ember-keeper
505,"Akki Lavarunner // Tok-Tok, Volcano Born",$0.48,https://cards.scryfall.io/grid/front/6/e/6ee6cd34-c117-4d7e-97d1-8f8464bfaac8.webp?1783944304,https://scryfall.com/card/chk/153/akki-lavarunner-tok-tok-volcano-born
506,Akki Raider,$0.12,https://cards.scryfall.io/grid/front/c/8/c8fb34ae-157c-4f4b-bb47-2a9dc394a20c.webp?1783944192,https://scryfall.com/card/bok/92/akki-raider
507,Akki Rockspeaker,$0.25,https://cards.scryfall.io/grid/front/9/c/9c8b6685-2c74-4026-aef0-73ca7bc43306.webp?1783944305,https://scryfall.com/card/chk/154/akki-rockspeaker
508,Akki Ronin,$0.26,https://cards.scryfall.io/grid/front/9/6/96f15754-1ca6-45b0-a7de-2fe507df2a1a.webp?1783923872,https://scryfall.com/card/neo/131/akki-ronin
509,Akki Scrapchomper,$0.26,https://cards.scryfall.io/grid/front/b/0/b0e02737-0193-46e4-a506-cec86a44dc99.webp?1783916998,https://scryfall.com/card/mom/130/akki-scrapchomper
510,Akki Underling,$0.11,https://cards.scryfall.io/grid/front/1/0/106382db-56aa-4061-9d1e-17821937f1de.webp?1783944149,https://scryfall.com/card/sok/93/akki-underling
511,Akki Underminer,$0.16,https://cards.scryfall.io/grid/front/e/f/efdd1e22-d68d-4858-b253-80071d26d50e.webp?1783944304,https://scryfall.com/card/chk/155/akki-underminer
512,Akki War Paint,$0.24,https://cards.scryfall.io/grid/front/f/1/f110698e-a343-4eff-ba23-ed7ac5a3f87b.webp?1783923871,https://scryfall.com/card/neo/132/akki-war-paint
513,Akoum Battlesinger,$0.17,https://cards.scryfall.io/grid/front/0/3/031950b6-110f-4e20-b31b-afe5ffdd6086.webp?1783942052,https://scryfall.com/card/wwk/71/akoum-battlesinger
514,Akoum Boulderfoot,$0.05,https://cards.scryfall.io/grid/front/8/8/88e8f7b6-1214-447b-8665-ff3c85845564.webp?1783941978,https://scryfall.com/card/roe/134/akoum-boulderfoot
515,Akoum Firebird,✶ $1.07,https://cards.scryfall.io/grid/front/3/0/304a2e4c-da2c-43fb-b44d-9db55ff94f04.webp?1783938196,https://scryfall.com/card/bfz/138/akoum-firebird
516,Akoum Flameseeker,$0.05,https://cards.scryfall.io/grid/front/6/e/6ef4e1e2-7961-47d2-bb55-9168ea201214.webp?1783937908,https://scryfall.com/card/ogw/101/akoum-flameseeker
517,Akoum Hellhound,$0.19,https://cards.scryfall.io/grid/front/3/a/3a5ad1c8-3d70-43ed-9539-2aa6289c5c4a.webp?1783929362,https://scryfall.com/card/znr/133/akoum-hellhound
518,Akoum Hellkite,$0.32,https://cards.scryfall.io/grid/front/f/6/f6ba0c10-6707-40f4-8f01-387532df9958.webp?1783931655,https://scryfall.com/card/gn2/36/akoum-hellkite
519,Akoum Refuge,$0.18,https://cards.scryfall.io/grid/front/5/1/51aecc57-f0cc-4e35-af38-ead25cf8a1b8.webp?1783932721,https://scryfall.com/card/c19/226/akoum-refuge
520,Akoum Stonewaker,$0.04,https://cards.scryfall.io/grid/front/c/9/c92ab7b5-6a29-463e-b294-3cb0efaccddb.webp?1783938195,https://scryfall.com/card/bfz/140/akoum-stonewaker
521,Akoum Warrior // Akoum Teeth,$0.21,https://cards.scryfall.io/grid/front/d/8/d8ed0335-daa6-4dbe-a94d-4d56c8cfd093.webp?1783929367,https://scryfall.com/card/znr/134/akoum-warrior-akoum-teeth
522,Akrasan Squire,$0.26,https://cards.scryfall.io/grid/front/5/9/59fdc045-b938-4321-aec3-51685cbbaa52.webp?1783942584,https://scryfall.com/card/ala/1/akrasan-squire
523,Akroan Conscriptor,$0.20,https://cards.scryfall.io/grid/front/d/e/decb529f-44fd-409d-932f-be9c403f12f6.webp?1783939549,https://scryfall.com/card/bng/87/akroan-conscriptor
524,Akroan Crusader,$0.27,https://cards.scryfall.io/grid/front/7/3/73d295ac-3c83-47db-a324-aa4907bcefdd.webp?1783933810,https://scryfall.com/card/uma/121/akroan-crusader
525,Akroan Hoplite,$0.33,https://cards.scryfall.io/grid/front/0/4/04aa9d4f-37cc-4fc8-877a-6190f96eb509.webp?1783937288,https://scryfall.com/card/cn2/197/akroan-hoplite
526,Akroan Horse,$0.62,https://cards.scryfall.io/grid/front/3/1/31a8954f-467d-4eb9-8a48-d25bae9529b8.webp?1783937040,https://scryfall.com/card/c16/241/akroan-horse
527,Akroan Jailer,$0.10,https://cards.scryfall.io/grid/front/8/d/8d96bc2b-2e31-4654-b192-c3f023d9fde6.webp?1783938366,https://scryfall.com/card/ori/1/akroan-jailer
528,Akroan Line Breaker,$0.17,https://cards.scryfall.io/grid/front/a/5/a5114db5-b545-43dc-85a3-c0e68ab22a95.webp?1783939428,https://scryfall.com/card/jou/88/akroan-line-breaker
529,Akroan Mastiff,$0.07,https://cards.scryfall.io/grid/front/7/e/7e21938b-46b1-4b2f-8269-0cd0e998cddc.webp?1783939463,https://scryfall.com/card/jou/3/akroan-mastiff
530,Akroan Phalanx,$0.05,https://cards.scryfall.io/grid/front/f/e/fe23019a-e432-4a27-8acb-b17728a1e8b0.webp?1783939586,https://scryfall.com/card/bng/2/akroan-phalanx
531,Akroan Sergeant,$0.10,https://cards.scryfall.io/grid/front/3/1/31913547-460c-45b3-be23-89f0e3a43325.webp?1783938333,https://scryfall.com/card/ori/130/akroan-sergeant
532,Akroan Skyguard,$0.36,https://cards.scryfall.io/grid/front/d/5/d55e85c3-234e-49c4-a307-96fb4497eea8.webp?1783939586,https://scryfall.com/card/bng/3/akroan-skyguard
533,"Akroma, Angel of Fury",$0.34,https://cards.scryfall.io/grid/front/2/a/2a81f0b5-5116-4946-89fc-18479bf85305.webp?1783913000,https://scryfall.com/card/mkc/146/akroma-angel-of-fury
534,"Akroma, Angel of Wrath",$1.65,https://cards.scryfall.io/grid/front/b/f/bf1ef8ec-d915-41f2-b087-3d6d82e3db85.webp?1783931206,https://scryfall.com/card/c20/73/akroma-angel-of-wrath
535,Akroma's Blessing,$0.34,https://cards.scryfall.io/grid/front/c/3/c3710c68-3f71-4d76-8bd2-001f0e8036f5.webp?1783945104,https://scryfall.com/card/ons/1/akromas-blessing
536,Akroma's Devoted,$0.18,https://cards.scryfall.io/grid/front/7/9/798893df-e720-471d-822d-50284de23efd.webp?1783944931,https://scryfall.com/card/lgn/2/akromas-devoted
537,Akroma's Memorial,$34.87,https://cards.scryfall.io/grid/front/9/5/950ee61d-0bc1-4d7b-ba68-157061aa98eb.webp?1783927758,https://scryfall.com/card/tsr/262/akromas-memorial
538,Akroma's Vengeance,$0.36,https://cards.scryfall.io/grid/front/e/4/e45b4cba-cd60-4491-a334-30976d0990b7.webp?1783931204,https://scryfall.com/card/c20/74/akromas-vengeance
539,Akroma's Will,$16.61,https://cards.scryfall.io/grid/front/6/0/608cdbdb-6f7e-438a-bab0-0e7782435f0f.webp?1783913897,https://scryfall.com/card/lcc/125/akromas-will
540,"Akroma, Vision of Ixidor",$10.98,https://cards.scryfall.io/grid/front/c/0/c0bdd07d-9fb9-4ee4-80db-494ee0cba58d.webp?1783928892,https://scryfall.com/card/cmr/2/akroma-vision-of-ixidor
541,Akron Legionnaire,$0.25,https://cards.scryfall.io/grid/front/7/b/7b658243-267b-473f-acce-b4e211945c67.webp?1783946969,https://scryfall.com/card/5ed/2/akron-legionnaire
542,Aku Djinn,$0.81,https://cards.scryfall.io/grid/front/3/6/369a5df5-fc36-476c-84f4-ec4bdeb4f9d2.webp?1783946996,https://scryfall.com/card/vis/51/aku-djinn
543,Akul the Unrepentant,$0.80,https://cards.scryfall.io/grid/front/6/8/68fd8548-50db-4243-9154-377f32408d58.webp?1783911799,https://scryfall.com/card/otj/189/akul-the-unrepentant
544,"Akuta, Born of Ash",$0.37,https://cards.scryfall.io/grid/front/0/8/08730b49-e51e-4868-9cc8-4ddc4a1dce4c.webp?1783944158,https://scryfall.com/card/sok/61/akuta-born-of-ash
545,Al-abara's Carpet,$42.12,https://cards.scryfall.io/grid/front/5/d/5d5aae6e-fe20-4363-9589-5a54bcbbb77e.webp?1783948031,https://scryfall.com/card/leg/271/al-abaras-carpet
546,Alabaster Dragon,$0.37,https://cards.scryfall.io/grid/front/3/a/3a2fcc23-ac09-4ada-b194-424739c9c734.webp?1783946752,https://scryfall.com/card/wth/2/alabaster-dragon
547,Alabaster Host Intercessor,$0.18,https://cards.scryfall.io/grid/front/1/6/165357cc-ec74-490f-aec3-7048bb43c8f9.webp?1783917072,https://scryfall.com/card/mom/3/alabaster-host-intercessor
548,Alabaster Host Sanctifier,$0.12,https://cards.scryfall.io/grid/front/e/f/efbd934a-39c4-4ce7-af2a-34ca226d7f23.webp?1783917073,https://scryfall.com/card/mom/4/alabaster-host-sanctifier
549,Alabaster Kirin,$0.06,https://cards.scryfall.io/grid/front/a/d/ad1ce529-06ed-4e85-9988-8c8b58401ed5.webp?1783939096,https://scryfall.com/card/ktk/4/alabaster-kirin
550,Alabaster Leech,$0.40,https://cards.scryfall.io/grid/front/c/8/c86b45d9-aba6-4c09-8605-037754ba7fd4.webp?1783945720,https://scryfall.com/card/inv/1/alabaster-leech
551,Alabaster Mage,$0.23,https://cards.scryfall.io/grid/front/0/e/0ef65e86-3759-465d-862b-29516eed46e6.webp?1783930224,https://scryfall.com/card/2xm/2/alabaster-mage
552,Alabaster Potion,$0.21,https://cards.scryfall.io/grid/front/9/5/950acce3-b079-49fc-8016-75fcdbca9b82.webp?1783946969,https://scryfall.com/card/5ed/3/alabaster-potion
553,Alabaster Wall,$0.10,https://cards.scryfall.io/grid/front/9/c/9cf393a3-831e-4d3a-8404-ee83f60970aa.webp?1783945985,https://scryfall.com/card/mmq/2/alabaster-wall
554,Alaborn Cavalier,$0.18,https://cards.scryfall.io/grid/front/8/8/8877b120-55ee-4e5a-9f51-e72a110f638e.webp?1783941347,https://scryfall.com/card/ddg/18/alaborn-cavalier
555,Alaborn Grenadier,$0.35,https://cards.scryfall.io/grid/front/1/5/153b7197-57a7-4e38-bd4a-4550b9d22dd8.webp?1783946497,https://scryfall.com/card/p02/2/alaborn-grenadier
556,Alaborn Musketeer,$0.34,https://cards.scryfall.io/grid/front/4/7/4776a9ed-dbc6-44d2-9761-b2d09ff34008.webp?1783946495,https://scryfall.com/card/p02/3/alaborn-musketeer
557,Alaborn Trooper,$0.23,https://cards.scryfall.io/grid/front/e/1/e1cd30b4-4ed8-467e-808e-b0caf4196d90.webp?1783946495,https://scryfall.com/card/p02/4/alaborn-trooper
558,Alaborn Veteran,$0.79,https://cards.scryfall.io/grid/front/7/9/79d7992d-9acd-4eaa-b6e0-a47acb880548.webp?1783946496,https://scryfall.com/card/p02/5/alaborn-veteran
559,Alaborn Zealot,$3.83,https://cards.scryfall.io/grid/front/a/5/a5eba273-0b83-42a7-b8b0-9e0cd6a7aa6f.webp?1783946495,https://scryfall.com/card/p02/6/alaborn-zealot
560,Alacrian Armory,$0.28,https://cards.scryfall.io/grid/front/d/3/d39f7f98-ad5e-4e5e-9f7b-abe0984ffe17.webp?1783907923,https://scryfall.com/card/dft/2/alacrian-armory
561,Alacrian Jaguar,$0.12,https://cards.scryfall.io/grid/front/2/b/2bd40bca-aa54-4e52-8d48-b3709a11e633.webp?1783907875,https://scryfall.com/card/dft/152/alacrian-jaguar
562,Aladdin,$10.63,https://cards.scryfall.io/grid/front/f/1/f1681ad7-c5ce-4f11-af53-cf2882637ba7.webp?1783947366,https://scryfall.com/card/chr/44/aladdin
563,Aladdin's Lamp,$10.00,https://cards.scryfall.io/grid/front/4/2/42e7cf40-c136-4fcb-a947-558b713b39f6.webp?1783947807,https://scryfall.com/card/4ed/291/aladdins-lamp
564,Aladdin's Ring,$0.30,https://cards.scryfall.io/grid/front/4/0/40b7370d-8ab4-4506-b7dd-d02c1ba92032.webp?1783943906,https://scryfall.com/card/9ed/286/aladdins-ring
565,"Alandra, Sky Dreamer",$8.57,https://cards.scryfall.io/grid/front/5/4/54bf48d4-e350-4ca7-87da-ce04fefd4610.webp?1783913021,https://scryfall.com/card/mkc/94/alandra-sky-dreamer
566,"Alania, Divergent Storm",$0.29,https://cards.scryfall.io/grid/front/4/3/436d6a84-4cea-4ca7-94aa-9d08280652af.webp?1783910801,https://scryfall.com/card/blb/204/alania-divergent-storm
567,Alania's Pathmaker,$0.20,https://cards.scryfall.io/grid/front/d/3/d3871fe6-e26e-4ab4-bd81-7e3c7b8135c1.webp?1783910825,https://scryfall.com/card/blb/123/alanias-pathmaker
568,Alarum,$0.10,https://cards.scryfall.io/grid/front/1/5/155f2aa6-6c47-4a06-b0ef-2d9205cd133e.webp?1783947126,https://scryfall.com/card/mir/2/alarum
569,Alaundo the Seer,✶ $0.52,https://cards.scryfall.io/grid/front/b/2/b22c33bb-47fe-4334-9105-00f4b87811bd.webp?1783922697,https://scryfall.com/card/clb/264/alaundo-the-seer
570,Al Bhed Salvagers,$0.19,https://cards.scryfall.io/grid/front/5/8/58ccdcfc-a669-480f-bded-4273cfaf2045.webp?1783906624,https://scryfall.com/card/fin/88/al-bhed-salvagers
571,Albino Troll,$0.25,https://cards.scryfall.io/grid/front/1/1/114fefca-8472-4c09-ae61-75d300d6e681.webp?1783938761,https://scryfall.com/card/gvl/3/albino-troll
572,Alchemax Slayer-Bots,$0.23,https://cards.scryfall.io/grid/front/0/c/0c28edfe-8b30-41b6-889b-c42d5eca778b.webp?1783905374,https://scryfall.com/card/spe/5/alchemax-slayer-bots
573,Alchemist's Apprentice,$0.08,https://cards.scryfall.io/grid/front/3/1/31abba67-1241-4fb3-88b5-4c4668ec5f25.webp?1783940724,https://scryfall.com/card/avr/42/alchemists-apprentice
574,Alchemist's Assistant,$0.24,https://cards.scryfall.io/grid/front/4/d/4d305609-64f8-4f3f-bf67-cd5257f0d01e.webp?1783907382,https://scryfall.com/card/tdm/71/alchemists-assistant
575,Alchemist's Gambit,$0.42,https://cards.scryfall.io/grid/front/a/8/a8fbf5d3-4677-4bf0-891f-57d6dcddaff7.webp?1783924845,https://scryfall.com/card/vow/140/alchemists-gambit
576,Alchemist's Gift,$0.28,https://cards.scryfall.io/grid/front/6/e/6e4c9574-1ee3-461e-848f-8f02c6a8b7ee.webp?1783930712,https://scryfall.com/card/m21/87/alchemists-gift
577,Alchemist's Greeting,$0.22,https://cards.scryfall.io/grid/front/f/3/f36e2146-b6a9-4b61-9ccf-969a2c79b747.webp?1783908129,https://scryfall.com/card/inr/140/alchemists-greeting
578,Alchemist's Refuge,$0.72,https://cards.scryfall.io/grid/front/3/6/36a11c11-1ea9-48e2-b1bc-49cba1390620.webp?1783903737,https://scryfall.com/card/soc/360/alchemists-refuge
579,Alchemist's Retrieval,$0.12,https://cards.scryfall.io/grid/front/e/d/edbf9d4f-6027-40b8-81c1-7f001a9119dd.webp?1783924901,https://scryfall.com/card/vow/47/alchemists-retrieval
580,Alchemist's Talent,$7.63,https://cards.scryfall.io/grid/front/2/f/2fb8dace-c604-40fc-bbd4-5add5deb041a.webp?1783910731,https://scryfall.com/card/blc/22/alchemists-talent
581,Alchemist's Vial,$0.32,https://cards.scryfall.io/grid/front/2/5/251f89c5-d4da-4754-83fa-218c8864ef41.webp?1783938312,https://scryfall.com/card/ori/220/alchemists-vial
582,Alchor's Tomb,$18.06,https://cards.scryfall.io/grid/front/f/4/f4395b19-2118-4a09-8932-f9ce9bc54d6d.webp?1783948029,https://scryfall.com/card/leg/272/alchors-tomb
583,Aleatory,$0.46,https://cards.scryfall.io/grid/front/7/3/7380af0a-8a8f-44fd-9456-14a68a2830d3.webp?1783947086,https://scryfall.com/card/mir/155/aleatory
584,"Alela, Artful Provocateur",$0.51,https://cards.scryfall.io/grid/front/a/b/abc9e41e-fd03-4b6f-8f44-17ba94fa44f5.webp?1783923236,https://scryfall.com/card/ncc/325/alela-artful-provocateur
585,"Alela, Cunning Conqueror",$15.27,https://cards.scryfall.io/grid/front/7/9/79ba5c35-6e5c-406a-b95f-844d5ec296ab.webp?1783914990,https://scryfall.com/card/woc/3/alela-cunning-conqueror
586,"Alena, Kessig Trapper",$0.19,https://cards.scryfall.io/grid/front/9/0/90c51949-b1ef-4c6e-98b0-4fb33a81db24.webp?1783928824,https://scryfall.com/card/cmr/160/alena-kessig-trapper
587,Alert Heedbonder,$0.18,https://cards.scryfall.io/grid/front/1/5/15a2ccae-c322-4e99-a094-a68fc5d52ea3.webp?1783931012,https://scryfall.com/card/iko/218/alert-heedbonder
588,Alert Shu Infantry,$19.99,https://cards.scryfall.io/grid/front/c/9/c94a92a9-060e-42d3-a8d1-49425defc08a.webp?1783946133,https://scryfall.com/card/ptk/1/alert-shu-infantry
589,Alesha's Legacy,$0.19,https://cards.scryfall.io/grid/front/a/9/a9262bf6-df6a-446c-ba70-18270a09842d.webp?1783907381,https://scryfall.com/card/tdm/72/aleshas-legacy
590,Alesha's Vanguard,$0.25,https://cards.scryfall.io/grid/front/6/9/69bb135f-1c58-42ed-bbf2-4a2e842f99d7.webp?1783938700,https://scryfall.com/card/frf/60/aleshas-vanguard
591,"Alesha, Who Laughs at Fate",$1.72,https://cards.scryfall.io/grid/front/a/9/a93e3406-4e29-4bc0-ae52-cbd2ac1f99a4.webp?1783909093,https://scryfall.com/card/fdn/115/alesha-who-laughs-at-fate
592,"Alesha, Who Smiles at Death",$0.17,https://cards.scryfall.io/grid/front/7/a/7ae9ff8c-1cc8-4b10-9641-2c79648fd6c2.webp?1783921427,https://scryfall.com/card/dmc/118/alesha-who-smiles-at-death
593,Alexander Clamilton,✶ $1.34,https://cards.scryfall.io/grid/front/a/1/a1572109-df70-4335-aac2-1670fe99be54.webp?1783931346,https://scryfall.com/card/und/16/alexander-clamilton
594,"Alexios, Deimos of Kosmos",$0.48,https://cards.scryfall.io/grid/front/e/8/e81b94b2-4052-4686-a788-9baf0fa0f81a.webp?1783910980,https://scryfall.com/card/acr/33/alexios-deimos-of-kosmos
595,Alexi's Cloak,$0.37,https://cards.scryfall.io/grid/front/4/5/457a5613-d1d4-4112-8484-f40120079b7b.webp?1783945793,https://scryfall.com/card/pcy/29/alexis-cloak
596,"Alexi, Zephyr Mage",$0.52,https://cards.scryfall.io/grid/front/6/f/6f8fc0b0-4a23-47ed-b61b-a4505fcfc5d2.webp?1783945793,https://scryfall.com/card/pcy/28/alexi-zephyr-mage
597,"Alex Wilder, Runaway",$0.53,https://cards.scryfall.io/grid/front/7/8/78ba8bef-5b36-4e63-b708-d77250ebaf62.webp?1783903056,https://scryfall.com/card/msc/677/alex-wilder-runaway
598,Algae Gharial,$0.07,https://cards.scryfall.io/grid/front/b/7/b7d30720-5baa-4779-a435-14fab778bad6.webp?1783938401,https://scryfall.com/card/mm2/137/algae-gharial
599,"Alhammarret, High Arbiter",✶ $0.33,https://cards.scryfall.io/grid/front/4/2/4200b101-19d3-4442-bddd-3eb77d5f99a9.webp?1783938355,https://scryfall.com/card/ori/43/alhammarret-high-arbiter
600,Alhammarret's Archive,✶ $10.06,https://cards.scryfall.io/grid/front/4/f/4f4187f1-05bd-4db6-a2e7-d677eff588ee.webp?1783927520,https://scryfall.com/card/c21/233/alhammarrets-archive
601,"Alharu, Solemn Ritualist",$0.10,https://cards.scryfall.io/grid/front/3/f/3fdf5020-ea97-4f95-a096-cb5688dad2e2.webp?1783915730,https://scryfall.com/card/cmm/8/alharu-solemn-ritualist
602,Ali Baba,$3.00,https://cards.scryfall.io/grid/front/9/2/92191f72-e3d7-4679-97a2-f0c2d19d7738.webp?1783947834,https://scryfall.com/card/4ed/175/ali-baba
603,Aliban's Tower,$0.18,https://cards.scryfall.io/grid/front/7/f/7f711ea8-a73a-42da-8bf7-101ba588f203.webp?1783947287,https://scryfall.com/card/hml/61a/alibans-tower
604,"Alibou, Ancient Witness",$2.98,https://cards.scryfall.io/grid/front/1/0/10ff4bac-1f93-4dd3-987a-523a6f733a1e.webp?1783906029,https://scryfall.com/card/eoc/113/alibou-ancient-witness
605,"Alicia Masters, Skilled Sculptor",$0.26,https://cards.scryfall.io/grid/front/3/d/3db94749-340c-4454-a15d-ba6353e0c4a4.webp?1783903286,https://scryfall.com/card/msc/48/alicia-masters-skilled-sculptor
606,Alien Invasion,$0.25,https://cards.scryfall.io/grid/front/f/4/f46a7158-5807-4750-a1f3-853aabb56b99.webp?1783902907,https://scryfall.com/card/msh/200/alien-invasion
607,Alien Symbiosis,$0.28,https://cards.scryfall.io/grid/front/4/9/49d66297-722b-4f3a-83cd-e4a21e5b8034.webp?1783903016,https://scryfall.com/card/msc/791/alien-symbiosis
608,Ali from Cairo,$409.99,https://cards.scryfall.io/grid/front/4/2/42027613-d261-4ce2-8ba1-7a2480c660f8.webp?1783948384,https://scryfall.com/card/arn/36/ali-from-cairo
609,Aligned Heart,$0.22,https://cards.scryfall.io/grid/front/a/2/a235cbda-3dc3-4aed-a911-90f26c330157.webp?1783907184,https://scryfall.com/card/tdc/12/aligned-heart
610,Aligned Hedron Network,✶ $2.58,https://cards.scryfall.io/grid/front/c/0/c0ef436b-e82e-4e1f-9da0-5e35f0c37bde.webp?1783938178,https://scryfall.com/card/bfz/222/aligned-hedron-network
611,"Alirios, Enraptured",$0.15,https://cards.scryfall.io/grid/front/2/6/26f9ebbe-3791-4d19-88d2-d5de95faff48.webp?1783931586,https://scryfall.com/card/thb/42/alirios-enraptured
612,Alisaie Leveilleur,$0.30,https://cards.scryfall.io/grid/front/b/a/ba96f831-02cb-4a74-a2e4-7f76444e3cd7.webp?1783906371,https://scryfall.com/card/fic/9/alisaie-leveilleur
613,"Alistair, the Brigadier",$0.26,https://cards.scryfall.io/grid/front/b/f/bf952d23-291d-42fa-8f2a-e4002a04b95f.webp?1783914643,https://scryfall.com/card/who/112/alistair-the-brigadier
614,A Little Chat,$0.25,https://cards.scryfall.io/grid/front/4/d/4d7424b6-b56a-47b7-8204-294d3dca925f.webp?1783923145,https://scryfall.com/card/snc/47/a-little-chat
615,Alive // Well,$0.06,https://cards.scryfall.io/grid/front/d/b/db84415e-048a-4cfc-9121-5ae17a412198.webp?1783940017,https://scryfall.com/card/dgm/121/alive-well
616,Allay,$0.15,https://cards.scryfall.io/grid/front/f/2/f20a1c6d-ec6a-4bd6-b3b2-b997f71d41fc.webp?1783946533,https://scryfall.com/card/exo/1/allay
617,Alley Assailant,$0.07,https://cards.scryfall.io/grid/front/e/d/edf238c9-61de-4f3a-b82f-05af46e5e81b.webp?1783912903,https://scryfall.com/card/mkm/76/alley-assailant
618,Alley Evasion,$0.10,https://cards.scryfall.io/grid/front/b/c/bc10173d-25ff-4734-b8f2-84f94fe52b17.webp?1783936782,https://scryfall.com/card/aer/6/alley-evasion
619,Alley Grifters,$0.12,https://cards.scryfall.io/grid/front/c/f/cfb648e3-f5ad-4b33-afa3-d4cda0d369a1.webp?1783945957,https://scryfall.com/card/mmq/115/alley-grifters
620,Alley Strangler,$0.12,https://cards.scryfall.io/grid/front/a/1/a131d558-5f6b-448b-a378-1882e2d02bd2.webp?1783936767,https://scryfall.com/card/aer/52/alley-strangler
621,All-Fates Scroll,$0.30,https://cards.scryfall.io/grid/front/3/a/3a5ed010-cb17-45df-b169-ebc807dae534.webp?1783905921,https://scryfall.com/card/eoe/234/all-fates-scroll
622,All-Fates Stalker,$0.23,https://cards.scryfall.io/grid/front/8/2/82ae4f7b-8122-4af6-8079-888eabf1a11e.webp?1783906001,https://scryfall.com/card/eoe/3/all-fates-stalker
623,All Hallow's Eve,$542.46,https://cards.scryfall.io/grid/front/1/8/18787a2d-6688-47e9-94bc-ccf229df823f.webp?1783948069,https://scryfall.com/card/leg/88/all-hallows-eve
624,Alliance of Arms,$10.51,https://cards.scryfall.io/grid/front/e/e/eeb1f8ff-c32f-4d75-8c04-f97d05ba47d6.webp?1783941258,https://scryfall.com/card/cmd/4/alliance-of-arms
625,Allied Assault,$0.12,https://cards.scryfall.io/grid/front/3/4/340df0d4-9848-4372-9f45-a73a8e94058a.webp?1783929425,https://scryfall.com/card/znr/1/allied-assault
626,Allied Reinforcements,$0.09,https://cards.scryfall.io/grid/front/f/d/fd7d7c93-5622-45ca-9359-110685d9162c.webp?1783937927,https://scryfall.com/card/ogw/15/allied-reinforcements
627,Allied Strategies,$0.16,https://cards.scryfall.io/grid/front/2/d/2dea7475-af87-4cee-bfdc-804351a632b5.webp?1783942017,https://scryfall.com/card/dde/63/allied-strategies
628,Allied Teamwork,$0.90,https://cards.scryfall.io/grid/front/8/a/8a347283-eb16-4339-945e-316a5ce9e2c5.webp?1783904787,https://scryfall.com/card/tle/213/allied-teamwork
629,Allies at Last,$0.18,https://cards.scryfall.io/grid/front/1/1/11a77897-2aba-4a9b-bbe6-1768ca9f12cb.webp?1783904948,https://scryfall.com/card/tla/164/allies-at-last
630,All Is Dust,$5.71,https://cards.scryfall.io/grid/front/4/2/4210c54e-89fd-4971-ab6a-ca8f4e7fe97a.webp?1783915459,https://scryfall.com/card/cmm/800/all-is-dust
631,"All of History, All at Once",$0.40,https://cards.scryfall.io/grid/front/b/b/bb6c639c-0b8a-4369-b7d0-57aa1f83279a.webp?1783914674,https://scryfall.com/card/who/34/all-of-history-all-at-once
632,Allosaurus Rider,✶ $3.14,https://cards.scryfall.io/grid/front/8/f/8fdaedf0-c4d2-4c2c-a183-026f06f3c360.webp?1783938775,https://scryfall.com/card/evg/2/allosaurus-rider
633,Allosaurus Shepherd,$49.71,https://cards.scryfall.io/grid/front/7/a/7afa0ee5-a0b8-472e-9991-09402ddb5de3.webp?1783921876,https://scryfall.com/card/2x2/132/allosaurus-shepherd
634,All-Out Assault,$2.72,https://cards.scryfall.io/grid/front/b/7/b74876d8-f6a6-4b47-b960-b01a331bab01.webp?1783907330,https://scryfall.com/card/tdm/167/all-out-assault
635,Alloy Animist,$0.16,https://cards.scryfall.io/grid/front/7/1/71a49b18-a339-401c-ab77-fcd04772cf69.webp?1783920052,https://scryfall.com/card/bro/166/alloy-animist
636,Alloy Golem,$0.17,https://cards.scryfall.io/grid/front/1/f/1fb6d6a1-9d71-405b-9c93-1a7f06c67abd.webp?1783945651,https://scryfall.com/card/inv/297/alloy-golem
637,Alloy Myr,$0.48,https://cards.scryfall.io/grid/front/e/8/e8d2180b-f54c-47a9-9458-28e7a19e35ee.webp?1783930344,https://scryfall.com/card/jmp/457/alloy-myr
638,All-Seeing Arbiter,$0.37,https://cards.scryfall.io/grid/front/c/8/c832c0b8-aefa-459c-8de8-aa32400612cd.webp?1783923151,https://scryfall.com/card/snc/34/all-seeing-arbiter
639,All Suns' Dawn,$0.32,https://cards.scryfall.io/grid/front/1/5/15629398-bb20-4ff3-ab0e-061dcea916d5.webp?1783938401,https://scryfall.com/card/mm2/138/all-suns-dawn
640,All That Glitters,$0.77,https://cards.scryfall.io/grid/front/5/f/5fc0b82a-f943-4330-b9e7-bb4527354bfd.webp?1783915728,https://scryfall.com/card/cmm/9/all-that-glitters
641,Allure of the Unknown,$0.14,https://cards.scryfall.io/grid/front/f/7/f77e09c3-917c-4bbb-bb94-60f4e9417832.webp?1783931526,https://scryfall.com/card/thb/207/allure-of-the-unknown
642,Alluring Scent,$0.24,https://cards.scryfall.io/grid/front/2/c/2c488688-4e50-4705-afd5-09310e240777.webp?1783946024,https://scryfall.com/card/s99/124/alluring-scent
643,Alluring Siren,$0.07,https://cards.scryfall.io/grid/front/a/6/a6434841-6cca-4397-b1fa-5ce34dc0b7f3.webp?1783941097,https://scryfall.com/card/m12/42/alluring-siren
644,Alluring Suitor // Deadly Dancer,$0.32,https://cards.scryfall.io/grid/front/3/9/397ffd01-c090-4233-9f5a-5f765886d498.webp?1783924853,https://scryfall.com/card/vow/141/alluring-suitor-deadly-dancer
645,All Will Be One,$11.52,https://cards.scryfall.io/grid/front/6/d/6d75e1f4-bd63-428e-8e6e-131594b3ba44.webp?1783918036,https://scryfall.com/card/one/118/all-will-be-one
646,Ally Encampment,✶ $9.83,https://cards.scryfall.io/grid/front/b/c/bcb7124c-ba69-4da8-ad81-58f00fd0181d.webp?1783938175,https://scryfall.com/card/bfz/228/ally-encampment
647,Almighty Brushwagg,$0.09,https://cards.scryfall.io/grid/front/7/1/71f2b7ac-8742-468d-b6a3-87881cb522ff.webp?1783931041,https://scryfall.com/card/iko/143/almighty-brushwagg
648,Almost Perfect,$0.31,https://cards.scryfall.io/grid/front/5/6/564a9bff-969f-49c1-be02-40cb45858f19.webp?1783912393,https://scryfall.com/card/pip/90/almost-perfect
649,Alms,$0.29,https://cards.scryfall.io/grid/front/9/7/97382dd8-2754-4ca3-8ba8-d655acaf22ac.webp?1783946750,https://scryfall.com/card/wth/3/alms
650,Alms Beast,$0.20,https://cards.scryfall.io/grid/front/c/e/ce441759-cd4c-4bcc-925e-08e8b60853c0.webp?1783940113,https://scryfall.com/card/gtc/141/alms-beast
651,Alms Collector,$2.29,https://cards.scryfall.io/grid/front/3/6/367ac07a-a30f-4ebf-8877-27cd9ebe2f71.webp?1783915728,https://scryfall.com/card/cmm/10/alms-collector
652,Alms of the Vein,$0.40,https://cards.scryfall.io/grid/front/7/9/79b80948-a3cd-4962-8fce-d58f2db7e68e.webp?1783937781,https://scryfall.com/card/soi/98/alms-of-the-vein
653,Aloe Alchemist,$0.18,https://cards.scryfall.io/grid/front/6/9/69f2f632-b6cc-4092-acd5-a6b152e90488.webp?1783911812,https://scryfall.com/card/otj/152/aloe-alchemist
654,Along the Crooked Way,$0.33,https://cards.scryfall.io/grid/front/3/6/3696d65c-fffd-4685-bb2d-e8769bf476e3.webp?1785412571,https://scryfall.com/card/hob/60/along-the-crooked-way
655,"Alora, Merry Thief",$0.16,https://cards.scryfall.io/grid/front/1/c/1c3c779b-d1d8-4b1e-bb06-ed7071a5ec0b.webp?1783922795,https://scryfall.com/card/clb/55/alora-merry-thief
656,"Aloy, Savior of Meridian",$5.79,https://cards.scryfall.io/grid/front/9/0/90dee895-037c-45f9-ac4f-b2277da85459.webp?1783905125,https://scryfall.com/card/sld/2221/aloy-savior-of-meridian
657,Alpha Authority,$1.78,https://cards.scryfall.io/grid/front/f/b/fbc42ca6-db90-41d0-8a4b-3217fb2c114c.webp?1783940119,https://scryfall.com/card/gtc/114/alpha-authority
658,Alpha Brawl,$0.27,https://cards.scryfall.io/grid/front/e/2/e2ec168a-3e4f-4527-901a-bc28cc28d125.webp?1783940822,https://scryfall.com/card/dka/82/alpha-brawl
659,Alpha Deathclaw,$2.36,https://cards.scryfall.io/grid/front/c/a/ca4c8b04-66af-4cb3-8003-9088d8344b20.webp?1783912392,https://scryfall.com/card/pip/91/alpha-deathclaw
660,Alpha Guard,$0.03,https://cards.scryfall.io/grid/front/e/7/e782e572-0cea-47a3-9ce9-3c431fbd44f8.webp?1783920559,https://scryfall.com/card/unf/129/alpha-guard
661,Alpha Kavu,$0.16,https://cards.scryfall.io/grid/front/5/4/545ed916-59fc-4c60-9260-8c2dc88e67a1.webp?1783945613,https://scryfall.com/card/pls/77/alpha-kavu
662,Alpha Myr,$0.14,https://cards.scryfall.io/grid/front/f/3/f3f792d7-75be-429e-8f62-0b563b103642.webp?1783944529,https://scryfall.com/card/mrd/142/alpha-myr
663,"Alpharael, Dreaming Acolyte",$0.12,https://cards.scryfall.io/grid/front/3/4/349a2211-2b23-418d-a1ef-1c72ad2e171d.webp?1783905930,https://scryfall.com/card/eoe/212/alpharael-dreaming-acolyte
664,"Alpharael, Stonechosen",$0.98,https://cards.scryfall.io/grid/front/3/3/33063d26-37f7-4e35-8da2-5770dfabdc41.webp?1783905971,https://scryfall.com/card/eoe/87/alpharael-stonechosen
665,Alpha Status,$5.28,https://cards.scryfall.io/grid/front/f/d/fd210c45-57f3-4d7d-93ba-81fe4298ade3.webp?1783944870,https://scryfall.com/card/scg/110/alpha-status
666,Alpha Tyrranax,$0.05,https://cards.scryfall.io/grid/front/4/a/4a2e5279-f28c-4a78-9f8a-16c9f72f8d38.webp?1783941720,https://scryfall.com/card/som/109/alpha-tyrranax
667,Alphinaud Leveilleur,$0.20,https://cards.scryfall.io/grid/front/6/5/65331e86-1ff3-45e4-b789-7afec4ca9bd5.webp?1783906363,https://scryfall.com/card/fic/33/alphinaud-leveilleur
668,Alpine Grizzly,$0.40,https://cards.scryfall.io/grid/front/3/8/38bbf983-df71-4403-86f3-2e86aa8765b8.webp?1783939069,https://scryfall.com/card/ktk/127/alpine-grizzly
669,Alpine Guide,$0.23,https://cards.scryfall.io/grid/front/e/5/e54423c1-ebea-4b5c-b563-1d14c104eb91.webp?1783933117,https://scryfall.com/card/mh1/117/alpine-guide
670,Alpine Houndmaster,$0.18,https://cards.scryfall.io/grid/front/4/3/43224e74-2c51-40bd-bc34-f66e990a3e33.webp?1783930663,https://scryfall.com/card/m21/215/alpine-houndmaster
671,Alpine Meadow,$0.33,https://cards.scryfall.io/grid/front/8/7/8702d6b9-bb01-4841-a76d-4a576066c772.webp?1783928179,https://scryfall.com/card/khm/248/alpine-meadow
672,Alpine Moon,$0.35,https://cards.scryfall.io/grid/front/2/4/2435c810-2baf-4e3b-80ce-542b94694901.webp?1783934557,https://scryfall.com/card/m19/128/alpine-moon
673,Alpine Watchdog,$0.15,https://cards.scryfall.io/grid/front/c/3/c392a7e5-6ff5-4c2f-9590-f8811a724f44.webp?1783930747,https://scryfall.com/card/m21/2/alpine-watchdog
674,"Alquist Proft, Master Sleuth",$0.68,https://cards.scryfall.io/grid/front/4/1/41129b44-4fa7-473b-b2b7-48c6a58be03c.webp?1783912857,https://scryfall.com/card/mkm/185/alquist-proft-master-sleuth
675,"Alrund, God of the Cosmos // Hakka, Whispering Raven",✶ $3.50,https://cards.scryfall.io/grid/front/5/d/5d131784-c1a3-463e-a37b-b720af67ab62.webp?1783928276,https://scryfall.com/card/khm/40/alrund-god-of-the-cosmos-hakka-whispering-raven
